epoch,lr-AdamW,step,train_acc_epoch,train_acc_step,train_loss_epoch,train_loss_step,val_acc_epoch,val_acc_step,val_loss_epoch,val_loss_step
,0.0005,0,,,,,,,,
0,,9,,0.550000011920929,,1.0895168781280518,,,,
0,,19,,0.5,,0.9941352605819702,,,,
0,,29,,0.75,,0.4378975033760071,,,,
0,,39,,0.8500000238418579,,0.49978670477867126,,,,
0,,49,,0.949999988079071,,0.1792232096195221,,,,
0,,59,,0.8500000238418579,,0.47536927461624146,,,,
0,,69,,0.6000000238418579,,0.885429859161377,,,,
0,,79,,0.9000000357627869,,0.4156670570373535,,,,
0,,89,,0.75,,0.837811291217804,,,,
0,,99,,0.699999988079071,,0.6089069843292236,,,,
0,,109,,0.9000000357627869,,0.23665356636047363,,,,
0,,119,,0.75,,0.9425131678581238,,,,
0,,129,,1.0,,0.04741007834672928,,,,
0,,139,,1.0,,0.07104925811290741,,,,
0,,149,,0.9000000357627869,,0.2747470438480377,,,,
0,,159,,0.800000011920929,,0.4658516049385071,,,,
0,,169,,0.8500000238418579,,0.3071127235889435,,,,
0,,179,,0.9000000357627869,,0.6586798429489136,,,,
0,,189,,1.0,,0.05974294990301132,,,,
0,,199,,0.949999988079071,,0.6988131403923035,,,,
0,,209,,1.0,,0.04015139490365982,,,,
0,,219,,0.75,,0.9175140261650085,,,,
0,,229,,0.949999988079071,,0.1137433648109436,,,,
0,,239,,0.9000000357627869,,0.28682443499565125,,,,
0,,249,,0.550000011920929,,1.3139574527740479,,,,
0,,259,,0.9000000357627869,,0.156552255153656,,,,
0,,269,,0.800000011920929,,0.4050375819206238,,,,
0,,279,,0.75,,0.48597437143325806,,,,
0,,289,,0.9000000357627869,,0.37924548983573914,,,,
0,,299,,0.8500000238418579,,0.3491364121437073,,,,
0,,309,,0.75,,0.819499135017395,,,,
0,,319,,1.0,,0.032994646579027176,,,,
0,,329,,0.949999988079071,,0.19826582074165344,,,,
0,,339,,0.949999988079071,,0.20507916808128357,,,,
0,,349,,0.800000011920929,,0.5494577884674072,,,,
0,,359,,0.8500000238418579,,0.509604811668396,,,,
0,,369,,0.949999988079071,,0.16030442714691162,,,,
0,,379,,0.949999988079071,,0.15746910870075226,,,,
0,,389,,1.0,,0.03717644140124321,,,,
0,,399,,0.949999988079071,,0.34170040488243103,,,,
0,,409,,0.800000011920929,,0.4124939441680908,,,,
0,,419,,1.0,,0.04772326722741127,,,,
0,,429,,0.8500000238418579,,0.4758250117301941,,,,
0,,439,,1.0,,0.117411769926548,,,,
0,,449,,0.8500000238418579,,0.28344398736953735,,,,
0,,459,,0.75,,0.5853630900382996,,,,
0,,469,,0.8500000238418579,,0.3838335871696472,,,,
0,,479,,0.9000000357627869,,0.27441757917404175,,,,
0,,489,,1.0,,0.12743116915225983,,,,
0,,499,,0.8500000238418579,,0.19288747012615204,,,,
0,,509,,0.9000000357627869,,0.2678890824317932,,,,
0,,519,,0.9000000357627869,,0.17992068827152252,,,,
0,,529,,0.949999988079071,,0.07314542680978775,,,,
0,,539,,0.949999988079071,,0.23691602051258087,,,,
0,,549,,1.0,,0.09267325699329376,,,,
0,,559,,0.8500000238418579,,0.20979289710521698,,,,
0,,569,,0.9000000357627869,,0.47446244955062866,,,,
0,,579,,1.0,,0.07012492418289185,,,,
0,,589,,1.0,,0.041853100061416626,,,,
0,,599,,0.949999988079071,,0.06960485875606537,,,,
0,,609,,0.800000011920929,,0.4431033134460449,,,,
0,,619,,0.75,,0.9052085876464844,,,,
0,,629,,0.9000000357627869,,0.22811421751976013,,,,
0,,639,,0.8500000238418579,,0.21597155928611755,,,,
0,,649,,0.9000000357627869,,0.297721266746521,,,,
0,,659,,0.949999988079071,,0.0868457555770874,,,,
0,,669,,0.9000000357627869,,0.2534237504005432,,,,
0,,679,,0.9000000357627869,,0.16445425152778625,,,,
0,,689,,0.949999988079071,,0.14458735287189484,,,,
0,,699,,0.9000000357627869,,0.19313731789588928,,,,
0,,709,,0.800000011920929,,0.4110231399536133,,,,
0,,719,,0.9000000357627869,,0.20158281922340393,,,,
0,,729,,0.75,,0.7788071632385254,,,,
0,,739,,0.9000000357627869,,0.2625070810317993,,,,
0,,749,,1.0,,0.07954158633947372,,,,
0,,759,,1.0,,0.002833309816196561,,,,
0,,769,,1.0,,0.02799959108233452,,,,
0,,779,,0.949999988079071,,0.20948155224323273,,,,
0,,789,,1.0,,0.028199676424264908,,,,
0,,799,,0.800000011920929,,0.5590039491653442,,,,
0,,809,,1.0,,0.015302078798413277,,,,
0,,819,,0.949999988079071,,0.135639950633049,,,,
0,,829,,0.9000000357627869,,0.6321419477462769,,,,
0,,839,,0.9000000357627869,,0.20765042304992676,,,,
0,,849,,0.9000000357627869,,0.283944308757782,,,,
0,,859,,1.0,,0.010128632187843323,,,,
0,,869,,0.8500000238418579,,0.6255954504013062,,,,
0,,879,,0.699999988079071,,0.6101261377334595,,,,
0,,889,,0.949999988079071,,0.19233237206935883,,,,
0,,899,,0.9000000357627869,,0.40231600403785706,,,,
0,,909,,0.949999988079071,,0.10277076810598373,,,,
0,,919,,1.0,,0.09434836357831955,,,,
0,,929,,1.0,,0.02813645824790001,,,,
0,,939,,0.8500000238418579,,0.4974536895751953,,,,
0,,949,,0.949999988079071,,0.16447627544403076,,,,
0,,959,,0.949999988079071,,0.12989062070846558,,,,
0,,969,,1.0,,0.003333618398755789,,,,
0,,979,,0.9000000357627869,,0.48285046219825745,,,,
0,,989,,0.949999988079071,,0.3092272877693176,,,,
0,,999,,0.949999988079071,,0.2075827568769455,,,,
0,,1009,,0.949999988079071,,0.2926430106163025,,,,
0,,1019,,0.9000000357627869,,0.22766955196857452,,,,
0,,1029,,0.8500000238418579,,0.3990105986595154,,,,
0,,1039,,0.949999988079071,,0.1158679723739624,,,,
0,,1049,,1.0,,0.07398688048124313,,,,
0,,1059,,0.9000000357627869,,0.3390720784664154,,,,
0,,1069,,0.8500000238418579,,0.1602444052696228,,,,
0,,1079,,0.949999988079071,,0.15772637724876404,,,,
0,,1089,,0.75,,0.6307063102722168,,,,
0,,1099,,0.8500000238418579,,0.27053120732307434,,,,
0,,1109,,0.8500000238418579,,0.36954665184020996,,,,
0,,1119,,1.0,,0.021225428208708763,,,,
,,0,,,,,,1.0,,0.003081101458519697
,,1,,,,,,0.949999988079071,,0.1281307339668274
,,2,,,,,,1.0,,0.025119658559560776
,,3,,,,,,0.949999988079071,,0.14953316748142242
,,4,,,,,,0.949999988079071,,0.060258835554122925
,,5,,,,,,1.0,,0.007970047183334827
,,6,,,,,,0.9000000357627869,,0.339161217212677
,,7,,,,,,1.0,,0.01495579443871975
,,8,,,,,,0.949999988079071,,0.3486645221710205
,,9,,,,,,1.0,,0.021834950894117355
,,10,,,,,,0.8500000238418579,,0.24473989009857178
,,11,,,,,,0.949999988079071,,0.09905879199504852
,,12,,,,,,1.0,,0.021636951714754105
,,13,,,,,,0.9000000357627869,,0.11932162940502167
,,14,,,,,,1.0,,0.01983471028506756
,,15,,,,,,0.949999988079071,,0.06091134622693062
,,16,,,,,,0.949999988079071,,0.2216460406780243
,,17,,,,,,0.949999988079071,,0.20157507061958313
,,18,,,,,,0.9000000357627869,,0.3273039758205414
,,19,,,,,,0.699999988079071,,0.6590827703475952
,,20,,,,,,1.0,,0.1392677128314972
,,21,,,,,,1.0,,0.02936568856239319
,,22,,,,,,0.949999988079071,,0.13853752613067627
,,23,,,,,,1.0,,0.03323553502559662
,,24,,,,,,1.0,,0.05778931453824043
,,25,,,,,,1.0,,0.044860564172267914
,,26,,,,,,1.0,,0.011371662840247154
,,27,,,,,,0.949999988079071,,0.10458765923976898
,,28,,,,,,0.949999988079071,,0.14303374290466309
,,29,,,,,,1.0,,0.023687461391091347
,,30,,,,,,0.8500000238418579,,0.3170877993106842
,,31,,,,,,0.9000000357627869,,0.35692986845970154
,,32,,,,,,0.8500000238418579,,0.2764590382575989
,,33,,,,,,0.949999988079071,,0.19740916788578033
,,34,,,,,,1.0,,0.1114785224199295
,,35,,,,,,0.949999988079071,,0.13125815987586975
,,36,,,,,,0.949999988079071,,0.1348835676908493
,,37,,,,,,0.949999988079071,,0.06475632637739182
,,38,,,,,,1.0,,0.007762506604194641
,,39,,,,,,1.0,,0.032094329595565796
,,40,,,,,,0.75,,0.9653898477554321
,,41,,,,,,1.0,,0.054969869554042816
,,42,,,,,,1.0,,0.038066767156124115
,,43,,,,,,1.0,,0.034042902290821075
,,44,,,,,,0.8500000238418579,,0.33707427978515625
,,45,,,,,,0.800000011920929,,0.7617794871330261
,,46,,,,,,0.800000011920929,,0.40738654136657715
,,47,,,,,,0.9000000357627869,,0.2290363609790802
,,48,,,,,,0.9000000357627869,,0.3375912606716156
,,49,,,,,,0.949999988079071,,0.1721343845129013
,,50,,,,,,0.949999988079071,,0.2103273570537567
,,51,,,,,,0.949999988079071,,0.29669398069381714
,,52,,,,,,0.8500000238418579,,0.7010086178779602
,,53,,,,,,1.0,,0.047917481511831284
,,54,,,,,,1.0,,0.019359897822141647
,,55,,,,,,1.0,,0.011682570911943913
,,56,,,,,,0.8500000238418579,,0.3913337290287018
,,57,,,,,,1.0,,0.01354399137198925
,,58,,,,,,0.699999988079071,,0.5449903011322021
,,59,,,,,,0.9000000357627869,,0.20326311886310577
,,60,,,,,,0.9000000357627869,,0.2604548931121826
,,61,,,,,,0.949999988079071,,0.20831303298473358
,,62,,,,,,0.9000000357627869,,0.2656402587890625
,,63,,,,,,0.949999988079071,,0.12456945329904556
,,64,,,,,,1.0,,0.02370169386267662
,,65,,,,,,0.699999988079071,,0.7381930947303772
,,66,,,,,,1.0,,0.07154028862714767
,,67,,,,,,1.0,,0.031482994556427
,,68,,,,,,1.0,,0.033577773720026016
,,69,,,,,,0.949999988079071,,0.11133839190006256
,,70,,,,,,0.9000000357627869,,0.5037661194801331
,,71,,,,,,0.9000000357627869,,0.1932789534330368
,,72,,,,,,1.0,,0.011159464716911316
,,73,,,,,,0.8500000238418579,,0.47369223833084106
,,74,,,,,,1.0,,0.03754722699522972
,,75,,,,,,0.9000000357627869,,0.10197219997644424
,,76,,,,,,0.9000000357627869,,0.28668317198753357
,,77,,,,,,0.949999988079071,,0.13540992140769958
,,78,,,,,,0.8500000238418579,,0.2832096219062805
,,79,,,,,,0.9000000357627869,,0.3197653889656067
,,80,,,,,,0.949999988079071,,0.11462261527776718
,,81,,,,,,0.9000000357627869,,0.25942689180374146
,,82,,,,,,1.0,,0.01900538243353367
,,83,,,,,,1.0,,0.0028727403841912746
,,84,,,,,,0.9000000357627869,,0.7243363857269287
,,85,,,,,,1.0,,0.010202211327850819
,,86,,,,,,0.9000000357627869,,0.3393115997314453
,,87,,,,,,1.0,,0.03010668233036995
,,88,,,,,,0.949999988079071,,0.12276806682348251
,,89,,,,,,1.0,,0.036641549319028854
,,90,,,,,,0.9000000357627869,,0.20704977214336395
,,91,,,,,,1.0,,0.0008392903837375343
,,92,,,,,,0.949999988079071,,0.1441451609134674
,,93,,,,,,0.949999988079071,,0.08443601429462433
,,94,,,,,,0.9000000357627869,,0.17645682394504547
,,95,,,,,,0.949999988079071,,0.09289634972810745
,,96,,,,,,1.0,,0.0031582496594637632
,,97,,,,,,1.0,,0.010036652907729149
,,98,,,,,,0.9000000357627869,,0.366275429725647
,,99,,,,,,0.9000000357627869,,0.3022017478942871
,,100,,,,,,1.0,,0.07222969830036163
,,101,,,,,,0.9000000357627869,,0.22072450816631317
,,102,,,,,,1.0,,0.009453603997826576
,,103,,,,,,0.949999988079071,,0.1069175973534584
,,104,,,,,,0.949999988079071,,0.12471957504749298
,,105,,,,,,1.0,,0.021799061447381973
,,106,,,,,,1.0,,0.007726247422397137
,,107,,,,,,0.8500000238418579,,0.245880126953125
,,108,,,,,,0.9000000357627869,,0.23131661117076874
,,109,,,,,,0.949999988079071,,0.04552635923027992
,,110,,,,,,1.0,,0.008710754103958607
,,111,,,,,,1.0,,0.0001552548201289028
,,112,,,,,,0.8500000238418579,,0.2065332680940628
,,113,,,,,,1.0,,0.03818115219473839
,,114,,,,,,1.0,,0.08453236520290375
,,115,,,,,,0.75,,0.4856882095336914
,,116,,,,,,0.9000000357627869,,0.255411297082901
,,117,,,,,,1.0,,0.00039204838685691357
,,118,,,,,,0.8500000238418579,,0.5805274248123169
,,119,,,,,,0.800000011920929,,0.6137006878852844
,,120,,,,,,0.949999988079071,,0.12843385338783264
,,121,,,,,,0.949999988079071,,0.29061469435691833
,,122,,,,,,1.0,,0.010036587715148926
,,123,,,,,,0.949999988079071,,0.1483229696750641
,,124,,,,,,0.9000000357627869,,0.108795665204525
,,125,,,,,,0.949999988079071,,0.10674570500850677
,,126,,,,,,0.949999988079071,,0.1834007203578949
,,127,,,,,,1.0,,0.0015680573415011168
,,128,,,,,,1.0,,5.483606173584121e-07
,,129,,,,,,0.9000000357627869,,0.2257368117570877
,,130,,,,,,0.949999988079071,,0.12399188429117203
,,131,,,,,,1.0,,0.006815456785261631
,,132,,,,,,0.949999988079071,,0.12150754779577255
,,133,,,,,,1.0,,0.0006535463035106659
,,134,,,,,,0.699999988079071,,0.4805218577384949
,,135,,,,,,1.0,,0.03902175650000572
,,136,,,,,,0.9000000357627869,,0.23324652016162872
,,137,,,,,,0.949999988079071,,0.20690378546714783
,,138,,,,,,0.8500000238418579,,0.25294652581214905
,,139,,,,,,1.0,,0.004001393914222717
,,140,,,,,,1.0,,0.06348992139101028
,,141,,,,,,1.0,,0.03426916152238846
,,142,,,,,,0.9000000357627869,,0.25324326753616333
,,143,,,,,,0.9000000357627869,,0.18355654180049896
,,144,,,,,,0.9000000357627869,,0.10215406119823456
,,145,,,,,,1.0,,0.06370700895786285
,,146,,,,,,1.0,,0.04533090442419052
,,147,,,,,,0.949999988079071,,0.3118220269680023
,,148,,,,,,0.949999988079071,,0.09689929336309433
,,149,,,,,,0.949999988079071,,0.22124643623828888
,,150,,,,,,0.9000000357627869,,0.3140239119529724
,,151,,,,,,0.949999988079071,,0.11260831356048584
,,152,,,,,,1.0,,0.037832729518413544
,,153,,,,,,0.9000000357627869,,0.15587255358695984
,,154,,,,,,0.75,,0.9852917790412903
,,155,,,,,,1.0,,0.0037882798351347446
,,156,,,,,,1.0,,5.574052920565009e-05
,,157,,,,,,1.0,,0.02370000258088112
,,158,,,,,,1.0,,0.0052782162092626095
,,159,,,,,,1.0,,0.010362612083554268
,,160,,,,,,0.699999988079071,,0.8581002354621887
,,161,,,,,,0.949999988079071,,0.12830518186092377
,,162,,,,,,0.800000011920929,,0.5610133409500122
,,163,,,,,,0.9000000357627869,,0.32720470428466797
,,164,,,,,,0.949999988079071,,0.1476517766714096
,,165,,,,,,0.949999988079071,,0.09641623497009277
,,166,,,,,,0.800000011920929,,0.40025433897972107
,,167,,,,,,0.949999988079071,,0.09137088805437088
,,168,,,,,,0.949999988079071,,0.13086003065109253
,,169,,,,,,0.949999988079071,,0.25785449147224426
,,170,,,,,,0.9000000357627869,,0.3353821337223053
,,171,,,,,,1.0,,0.040726371109485626
,,172,,,,,,1.0,,0.0002486246812622994
,,173,,,,,,0.800000011920929,,0.7742853164672852
,,174,,,,,,0.9000000357627869,,0.1861250102519989
,,175,,,,,,0.8500000238418579,,0.2853679656982422
,,176,,,,,,0.8500000238418579,,0.31595200300216675
,,177,,,,,,0.949999988079071,,0.31058764457702637
,,178,,,,,,1.0,,0.07603184878826141
,,179,,,,,,0.8500000238418579,,0.44888558983802795
,,180,,,,,,0.949999988079071,,0.11124000698328018
,,181,,,,,,0.949999988079071,,0.1966061145067215
,,182,,,,,,0.75,,0.6736119389533997
,,183,,,,,,1.0,,0.0021243595983833075
,,184,,,,,,0.949999988079071,,0.15441545844078064
,,185,,,,,,0.800000011920929,,0.3373997211456299
,,186,,,,,,0.8500000238418579,,0.31329864263534546
,,187,,,,,,1.0,,0.0060317134484648705
,,188,,,,,,1.0,,0.028997082263231277
,,189,,,,,,0.8500000238418579,,0.8320749998092651
,,190,,,,,,0.9000000357627869,,0.23852427303791046
,,191,,,,,,0.949999988079071,,0.08310391008853912
,,192,,,,,,0.9000000357627869,,0.19754603505134583
,,193,,,,,,0.9000000357627869,,0.14989428222179413
,,194,,,,,,1.0,,0.014769447036087513
,,195,,,,,,0.8500000238418579,,0.3990537226200104
,,196,,,,,,0.949999988079071,,0.13647128641605377
,,197,,,,,,1.0,,0.029875462874770164
,,198,,,,,,0.949999988079071,,0.08747891336679459
,,199,,,,,,0.949999988079071,,0.4330054819583893
,,200,,,,,,0.949999988079071,,0.07008688151836395
,,201,,,,,,0.800000011920929,,0.39074254035949707
,,202,,,,,,1.0,,0.039862144738435745
,,203,,,,,,1.0,,0.030120933428406715
,,204,,,,,,0.8500000238418579,,0.33461278676986694
,,205,,,,,,0.9000000357627869,,0.2764536142349243
,,206,,,,,,1.0,,0.021843750029802322
,,207,,,,,,0.9000000357627869,,0.19818654656410217
,,208,,,,,,0.9000000357627869,,0.17819169163703918
,,209,,,,,,0.949999988079071,,0.20173601806163788
,,210,,,,,,0.9000000357627869,,0.21916894614696503
,,211,,,,,,0.8500000238418579,,0.30179959535598755
,,212,,,,,,0.949999988079071,,0.20585131645202637
,,213,,,,,,0.949999988079071,,0.038920704275369644
,,214,,,,,,0.9000000357627869,,0.3640650808811188
,,215,,,,,,1.0,,0.04400567337870598
,,216,,,,,,0.9000000357627869,,0.25851723551750183
,,217,,,,,,1.0,,0.052968017756938934
,,218,,,,,,0.9000000357627869,,0.409904420375824
,,219,,,,,,0.8500000238418579,,0.32551857829093933
,,220,,,,,,0.9000000357627869,,0.1756652146577835
,,221,,,,,,0.800000011920929,,0.3881238102912903
,,222,,,,,,1.0,,0.019322674721479416
,,223,,,,,,0.9000000357627869,,0.18544547259807587
,,224,,,,,,0.949999988079071,,0.11444719135761261
,,225,,,,,,1.0,,0.009938782081007957
,,226,,,,,,0.949999988079071,,0.2551799416542053
,,227,,,,,,0.949999988079071,,0.044202111661434174
,,228,,,,,,1.0,,0.027490422129631042
,,229,,,,,,0.8500000238418579,,0.48249077796936035
,,230,,,,,,0.800000011920929,,0.3638651967048645
,,231,,,,,,0.800000011920929,,0.9459649920463562
,,232,,,,,,0.949999988079071,,0.20870442688465118
,,233,,,,,,1.0,,0.02796146273612976
,,234,,,,,,0.9000000357627869,,0.26318609714508057
,,235,,,,,,1.0,,0.028096511960029602
,,236,,,,,,0.949999988079071,,0.37627941370010376
,,237,,,,,,1.0,,0.037246886640787125
,,238,,,,,,1.0,,0.03733246400952339
,,239,,,,,,0.9000000357627869,,0.32083529233932495
,,240,,,,,,1.0,,0.0024945365730673075
,,241,,,,,,0.800000011920929,,0.392217755317688
,,242,,,,,,0.8500000238418579,,0.37580743432044983
,,243,,,,,,0.8500000238418579,,0.6039637923240662
,,244,,,,,,0.949999988079071,,0.07010714709758759
,,245,,,,,,0.8500000238418579,,0.4366172254085541
,,246,,,,,,1.0,,0.0334283709526062
,,247,,,,,,0.949999988079071,,0.12397755682468414
,,248,,,,,,0.949999988079071,,0.059964559972286224
0,,1124,,,,,0.9319277405738831,,0.19316598773002625,
0,,1124,0.8791240453720093,,0.334690660238266,,,,,
,0.0005,1125,,,,,,,,
1,,1129,,0.9000000357627869,,0.26434803009033203,,,,
1,,1139,,0.9000000357627869,,0.2597362995147705,,,,
1,,1149,,0.8500000238418579,,0.3872799277305603,,,,
1,,1159,,0.949999988079071,,0.10552303493022919,,,,
1,,1169,,1.0,,0.043370939791202545,,,,
1,,1179,,0.8500000238418579,,0.3682297170162201,,,,
1,,1189,,0.9000000357627869,,0.3003010153770447,,,,
1,,1199,,0.9000000357627869,,0.33047983050346375,,,,
1,,1209,,1.0,,0.2018340528011322,,,,
1,,1219,,0.949999988079071,,0.17319247126579285,,,,
1,,1229,,0.800000011920929,,0.36579573154449463,,,,
1,,1239,,0.9000000357627869,,0.14944127202033997,,,,
1,,1249,,0.8500000238418579,,0.3380820155143738,,,,
1,,1259,,0.949999988079071,,0.06689721345901489,,,,
1,,1269,,0.800000011920929,,0.4465827941894531,,,,
1,,1279,,0.8500000238418579,,0.4129045605659485,,,,
1,,1289,,0.75,,0.7150965332984924,,,,
1,,1299,,1.0,,0.04682401567697525,,,,
1,,1309,,0.949999988079071,,0.26794081926345825,,,,
1,,1319,,0.8500000238418579,,0.3231315016746521,,,,
1,,1329,,0.8500000238418579,,0.35267725586891174,,,,
1,,1339,,0.949999988079071,,0.0931563749909401,,,,
1,,1349,,0.949999988079071,,0.04762876778841019,,,,
1,,1359,,1.0,,0.02743980661034584,,,,
1,,1369,,0.800000011920929,,0.430504709482193,,,,
1,,1379,,0.949999988079071,,0.13142260909080505,,,,
1,,1389,,0.949999988079071,,0.3129982352256775,,,,
1,,1399,,0.800000011920929,,0.46805185079574585,,,,
1,,1409,,0.9000000357627869,,0.1487094610929489,,,,
1,,1419,,1.0,,0.0016229227185249329,,,,
1,,1429,,1.0,,0.014224229380488396,,,,
1,,1439,,0.800000011920929,,0.6391728520393372,,,,
1,,1449,,0.75,,0.5694122314453125,,,,
1,,1459,,1.0,,0.06261853128671646,,,,
1,,1469,,0.949999988079071,,0.12045778334140778,,,,
1,,1479,,0.8500000238418579,,0.23512205481529236,,,,
1,,1489,,0.9000000357627869,,0.18563809990882874,,,,
1,,1499,,0.800000011920929,,0.4883275628089905,,,,
1,,1509,,0.949999988079071,,0.12193920463323593,,,,
1,,1519,,1.0,,0.016022469848394394,,,,
1,,1529,,0.949999988079071,,0.12904712557792664,,,,
1,,1539,,0.9000000357627869,,0.5830591917037964,,,,
1,,1549,,1.0,,0.015583818778395653,,,,
1,,1559,,0.949999988079071,,0.12418457120656967,,,,
1,,1569,,1.0,,0.0572965033352375,,,,
1,,1579,,0.949999988079071,,0.0920243114233017,,,,
1,,1589,,1.0,,0.012624385766685009,,,,
1,,1599,,0.8500000238418579,,0.33455145359039307,,,,
1,,1609,,0.9000000357627869,,0.30129820108413696,,,,
1,,1619,,0.9000000357627869,,0.49319276213645935,,,,
1,,1629,,1.0,,0.04129137843847275,,,,
1,,1639,,1.0,,0.04049805551767349,,,,
1,,1649,,0.9000000357627869,,0.289184033870697,,,,
1,,1659,,1.0,,0.05043572187423706,,,,
1,,1669,,0.800000011920929,,0.4584217667579651,,,,
1,,1679,,0.949999988079071,,0.13608761131763458,,,,
1,,1689,,0.949999988079071,,0.049420204013586044,,,,
1,,1699,,0.949999988079071,,0.10538361966609955,,,,
1,,1709,,0.9000000357627869,,0.29507410526275635,,,,
1,,1719,,1.0,,0.009635712020099163,,,,
1,,1729,,1.0,,0.02495351806282997,,,,
1,,1739,,0.800000011920929,,0.361368328332901,,,,
1,,1749,,1.0,,0.07414909452199936,,,,
1,,1759,,1.0,,0.09318849444389343,,,,
1,,1769,,0.9000000357627869,,0.2372126281261444,,,,
1,,1779,,0.949999988079071,,0.08356679230928421,,,,
1,,1789,,1.0,,0.004442780744284391,,,,
1,,1799,,1.0,,0.010303078219294548,,,,
1,,1809,,0.949999988079071,,0.14182357490062714,,,,
1,,1819,,0.949999988079071,,0.19066599011421204,,,,
1,,1829,,0.949999988079071,,0.10513444989919662,,,,
1,,1839,,0.9000000357627869,,0.17221498489379883,,,,
1,,1849,,1.0,,0.03975451737642288,,,,
1,,1859,,1.0,,0.040922366082668304,,,,
1,,1869,,0.949999988079071,,0.18057984113693237,,,,
1,,1879,,0.8500000238418579,,0.27927854657173157,,,,
1,,1889,,0.949999988079071,,0.12400667369365692,,,,
1,,1899,,1.0,,0.02505231462419033,,,,
1,,1909,,0.6000000238418579,,0.7714016437530518,,,,
1,,1919,,1.0,,0.00451881717890501,,,,
1,,1929,,0.949999988079071,,0.14506050944328308,,,,
1,,1939,,1.0,,0.04731731861829758,,,,
1,,1949,,0.949999988079071,,0.11923930794000626,,,,
1,,1959,,1.0,,0.09456963837146759,,,,
1,,1969,,0.800000011920929,,0.5912631154060364,,,,
1,,1979,,0.9000000357627869,,0.19925078749656677,,,,
1,,1989,,0.949999988079071,,0.055689044296741486,,,,
1,,1999,,1.0,,6.460354052251205e-05,,,,
1,,2009,,1.0,,0.004821460694074631,,,,
1,,2019,,0.9000000357627869,,0.14203031361103058,,,,
1,,2029,,0.949999988079071,,0.11156269162893295,,,,
1,,2039,,0.949999988079071,,0.09218116104602814,,,,
1,,2049,,0.9000000357627869,,0.3862719237804413,,,,
1,,2059,,1.0,,0.07616589218378067,,,,
1,,2069,,0.9000000357627869,,0.2082306444644928,,,,
1,,2079,,0.949999988079071,,0.14191031455993652,,,,
1,,2089,,0.949999988079071,,0.13103696703910828,,,,
1,,2099,,0.800000011920929,,0.2517527639865875,,,,
1,,2109,,1.0,,0.00035626726457849145,,,,
1,,2119,,0.949999988079071,,0.1002052053809166,,,,
1,,2129,,0.949999988079071,,0.11978427320718765,,,,
1,,2139,,0.9000000357627869,,0.19344982504844666,,,,
1,,2149,,1.0,,0.049953214824199677,,,,
1,,2159,,0.949999988079071,,0.1318090856075287,,,,
1,,2169,,1.0,,0.005286196246743202,,,,
1,,2179,,1.0,,0.005456544924527407,,,,
1,,2189,,0.9000000357627869,,0.33392035961151123,,,,
1,,2199,,0.949999988079071,,0.3652169108390808,,,,
1,,2209,,0.949999988079071,,0.40375882387161255,,,,
1,,2219,,0.949999988079071,,0.07433108240365982,,,,
1,,2229,,1.0,,0.061453819274902344,,,,
1,,2239,,1.0,,0.04475798457860947,,,,
1,,2249,,0.949999988079071,,0.12217117846012115,,,,
,,249,,,,,,1.0,,0.026425426825881004
,,250,,,,,,0.8500000238418579,,0.2678931951522827
,,251,,,,,,1.0,,0.020129619166254997
,,252,,,,,,1.0,,0.05449801683425903
,,253,,,,,,1.0,,0.03721968084573746
,,254,,,,,,1.0,,0.003787130117416382
,,255,,,,,,0.949999988079071,,0.19951866567134857
,,256,,,,,,1.0,,0.01638757809996605
,,257,,,,,,0.949999988079071,,0.22487099468708038
,,258,,,,,,1.0,,0.01006738655269146
,,259,,,,,,1.0,,0.05482691526412964
,,260,,,,,,0.949999988079071,,0.09882047772407532
,,261,,,,,,1.0,,0.03743067383766174
,,262,,,,,,1.0,,0.007834972813725471
,,263,,,,,,0.949999988079071,,0.2376115322113037
,,264,,,,,,0.949999988079071,,0.07406256347894669
,,265,,,,,,1.0,,0.024920383468270302
,,266,,,,,,0.949999988079071,,0.1494869589805603
,,267,,,,,,0.800000011920929,,0.27148446440696716
,,268,,,,,,0.800000011920929,,0.42326563596725464
,,269,,,,,,0.949999988079071,,0.1002657562494278
,,270,,,,,,1.0,,0.023708412423729897
,,271,,,,,,0.8500000238418579,,0.4814697206020355
,,272,,,,,,0.949999988079071,,0.05821733921766281
,,273,,,,,,0.9000000357627869,,0.26416873931884766
,,274,,,,,,0.949999988079071,,0.0549745075404644
,,275,,,,,,1.0,,0.01814652793109417
,,276,,,,,,1.0,,0.009648971259593964
,,277,,,,,,0.949999988079071,,0.06029222533106804
,,278,,,,,,1.0,,0.026037568226456642
,,279,,,,,,0.9000000357627869,,0.1831805557012558
,,280,,,,,,0.9000000357627869,,0.21289262175559998
,,281,,,,,,0.9000000357627869,,0.17210236191749573
,,282,,,,,,0.9000000357627869,,0.12972137331962585
,,283,,,,,,0.8500000238418579,,0.3311699628829956
,,284,,,,,,1.0,,0.05864235758781433
,,285,,,,,,0.949999988079071,,0.22491316497325897
,,286,,,,,,0.949999988079071,,0.13138005137443542
,,287,,,,,,1.0,,0.014296865090727806
,,288,,,,,,1.0,,0.013537554070353508
,,289,,,,,,0.9000000357627869,,0.4199931025505066
,,290,,,,,,0.949999988079071,,0.051892973482608795
,,291,,,,,,1.0,,0.018490087240934372
,,292,,,,,,0.949999988079071,,0.056732334196567535
,,293,,,,,,0.800000011920929,,0.5871607065200806
,,294,,,,,,0.75,,0.37342363595962524
,,295,,,,,,0.9000000357627869,,0.2599293887615204
,,296,,,,,,0.8500000238418579,,0.4020616412162781
,,297,,,,,,0.949999988079071,,0.12040233612060547
,,298,,,,,,0.9000000357627869,,0.3231571316719055
,,299,,,,,,0.9000000357627869,,0.16819006204605103
,,300,,,,,,1.0,,0.028403937816619873
,,301,,,,,,0.8500000238418579,,0.7430587410926819
,,302,,,,,,0.9000000357627869,,0.3216494023799896
,,303,,,,,,0.949999988079071,,0.1527944654226303
,,304,,,,,,0.9000000357627869,,0.08887914568185806
,,305,,,,,,0.8500000238418579,,0.2890518605709076
,,306,,,,,,1.0,,0.030001357197761536
,,307,,,,,,0.8500000238418579,,0.20930561423301697
,,308,,,,,,0.9000000357627869,,0.18283239006996155
,,309,,,,,,0.949999988079071,,0.2480786144733429
,,310,,,,,,1.0,,0.017812341451644897
,,311,,,,,,0.8500000238418579,,0.4693656861782074
,,312,,,,,,0.9000000357627869,,0.21005716919898987
,,313,,,,,,0.949999988079071,,0.10315964370965958
,,314,,,,,,0.75,,0.5280240774154663
,,315,,,,,,0.949999988079071,,0.2526624798774719
,,316,,,,,,1.0,,0.009937115013599396
,,317,,,,,,1.0,,0.009772537276148796
,,318,,,,,,1.0,,0.07292335480451584
,,319,,,,,,1.0,,0.09564618021249771
,,320,,,,,,0.9000000357627869,,0.2305683195590973
,,321,,,,,,1.0,,0.003940240480005741
,,322,,,,,,0.8500000238418579,,0.22630639374256134
,,323,,,,,,1.0,,0.040305402129888535
,,324,,,,,,1.0,,0.023933682590723038
,,325,,,,,,1.0,,0.03749806433916092
,,326,,,,,,1.0,,0.07702020555734634
,,327,,,,,,1.0,,0.08882945030927658
,,328,,,,,,0.9000000357627869,,0.3289359211921692
,,329,,,,,,1.0,,0.024734249338507652
,,330,,,,,,0.9000000357627869,,0.1602456271648407
,,331,,,,,,1.0,,0.0086317528039217
,,332,,,,,,1.0,,0.0012192665599286556
,,333,,,,,,0.75,,0.8386031985282898
,,334,,,,,,1.0,,0.03605859354138374
,,335,,,,,,0.9000000357627869,,0.24054303765296936
,,336,,,,,,0.949999988079071,,0.18009546399116516
,,337,,,,,,0.949999988079071,,0.17520853877067566
,,338,,,,,,1.0,,0.017999514937400818
,,339,,,,,,0.949999988079071,,0.08626674115657806
,,340,,,,,,1.0,,0.008089159615337849
,,341,,,,,,0.9000000357627869,,0.30460071563720703
,,342,,,,,,1.0,,0.04498032107949257
,,343,,,,,,0.9000000357627869,,0.2032196968793869
,,344,,,,,,1.0,,0.06372059881687164
,,345,,,,,,1.0,,0.00011496841761982068
,,346,,,,,,1.0,,0.03468998149037361
,,347,,,,,,0.949999988079071,,0.10986526310443878
,,348,,,,,,0.800000011920929,,0.3660241365432739
,,349,,,,,,0.9000000357627869,,0.5463141202926636
,,350,,,,,,0.949999988079071,,0.11393827199935913
,,351,,,,,,0.949999988079071,,0.05629084259271622
,,352,,,,,,1.0,,0.019195888191461563
,,353,,,,,,1.0,,0.05634946748614311
,,354,,,,,,1.0,,0.011051730252802372
,,355,,,,,,1.0,,0.01525165420025587
,,356,,,,,,0.949999988079071,,0.09612694382667542
,,357,,,,,,0.9000000357627869,,0.22482939064502716
,,358,,,,,,0.949999988079071,,0.1722373366355896
,,359,,,,,,0.949999988079071,,0.12018561363220215
,,360,,,,,,1.0,,0.00010432441195007414
,,361,,,,,,1.0,,0.023750562220811844
,,362,,,,,,0.9000000357627869,,0.12189310789108276
,,363,,,,,,0.949999988079071,,0.07266632467508316
,,364,,,,,,0.949999988079071,,0.20856933295726776
,,365,,,,,,0.949999988079071,,0.13923029601573944
,,366,,,,,,1.0,,0.0024227940011769533
,,367,,,,,,0.949999988079071,,0.17306092381477356
,,368,,,,,,0.9000000357627869,,0.19680610299110413
,,369,,,,,,0.9000000357627869,,0.2876240313053131
,,370,,,,,,0.949999988079071,,0.08496738970279694
,,371,,,,,,1.0,,0.03781527280807495
,,372,,,,,,0.8500000238418579,,0.24158354103565216
,,373,,,,,,1.0,,0.0031584869138896465
,,374,,,,,,0.9000000357627869,,0.1206495389342308
,,375,,,,,,0.949999988079071,,0.09864231944084167
,,376,,,,,,1.0,,0.001854515285231173
,,377,,,,,,1.0,,6.298574589891359e-05
,,378,,,,,,0.949999988079071,,0.2606562674045563
,,379,,,,,,0.949999988079071,,0.3732755184173584
,,380,,,,,,1.0,,0.006225101184099913
,,381,,,,,,1.0,,0.008917026221752167
,,382,,,,,,1.0,,0.0020491431932896376
,,383,,,,,,1.0,,0.02897036075592041
,,384,,,,,,1.0,,0.02690558135509491
,,385,,,,,,0.949999988079071,,0.20318512618541718
,,386,,,,,,0.9000000357627869,,0.18571121990680695
,,387,,,,,,0.800000011920929,,0.38397106528282166
,,388,,,,,,1.0,,0.001931044040247798
,,389,,,,,,0.949999988079071,,0.2025727778673172
,,390,,,,,,1.0,,0.03880658373236656
,,391,,,,,,0.8500000238418579,,0.6802762150764465
,,392,,,,,,1.0,,0.005226421169936657
,,393,,,,,,1.0,,0.003470866708084941
,,394,,,,,,1.0,,0.01592179201543331
,,395,,,,,,1.0,,0.011194804683327675
,,396,,,,,,0.9000000357627869,,0.2522497773170471
,,397,,,,,,1.0,,0.0009291574242524803
,,398,,,,,,1.0,,0.012645567767322063
,,399,,,,,,1.0,,0.033181097358465195
,,400,,,,,,0.949999988079071,,0.10384501516819
,,401,,,,,,1.0,,0.022978443652391434
,,402,,,,,,0.949999988079071,,0.1390068531036377
,,403,,,,,,0.800000011920929,,0.7921711802482605
,,404,,,,,,0.949999988079071,,0.2558591961860657
,,405,,,,,,1.0,,1.494194111728575e-05
,,406,,,,,,1.0,,7.635371730430052e-05
,,407,,,,,,1.0,,0.005070503335446119
,,408,,,,,,0.949999988079071,,0.04166062921285629
,,409,,,,,,0.9000000357627869,,0.3473113477230072
,,410,,,,,,0.949999988079071,,0.05706349015235901
,,411,,,,,,1.0,,0.01323874481022358
,,412,,,,,,0.949999988079071,,0.132780522108078
,,413,,,,,,0.9000000357627869,,0.2865210175514221
,,414,,,,,,1.0,,0.0430813692510128
,,415,,,,,,0.800000011920929,,0.5200138092041016
,,416,,,,,,1.0,,0.0669173076748848
,,417,,,,,,1.0,,0.04239429160952568
,,418,,,,,,0.9000000357627869,,0.33562928438186646
,,419,,,,,,0.800000011920929,,0.4115588068962097
,,420,,,,,,0.8500000238418579,,0.2070387303829193
,,421,,,,,,1.0,,0.00019224899006076157
,,422,,,,,,0.75,,0.4381442964076996
,,423,,,,,,0.9000000357627869,,0.20421715080738068
,,424,,,,,,0.9000000357627869,,0.39718300104141235
,,425,,,,,,0.949999988079071,,0.541745126247406
,,426,,,,,,0.949999988079071,,0.20478549599647522
,,427,,,,,,0.949999988079071,,0.059275127947330475
,,428,,,,,,0.8500000238418579,,0.6072232723236084
,,429,,,,,,1.0,,0.005764831323176622
,,430,,,,,,0.949999988079071,,0.29274383187294006
,,431,,,,,,0.8500000238418579,,0.3263203501701355
,,432,,,,,,1.0,,0.003862150711938739
,,433,,,,,,0.949999988079071,,0.16208039224147797
,,434,,,,,,0.8500000238418579,,0.4007120728492737
,,435,,,,,,0.9000000357627869,,0.2852226197719574
,,436,,,,,,1.0,,0.006474417634308338
,,437,,,,,,1.0,,0.024238592013716698
,,438,,,,,,0.9000000357627869,,0.47648224234580994
,,439,,,,,,0.8500000238418579,,0.4868339002132416
,,440,,,,,,1.0,,0.01915704272687435
,,441,,,,,,1.0,,0.04993244260549545
,,442,,,,,,1.0,,0.022881528362631798
,,443,,,,,,1.0,,0.02393088862299919
,,444,,,,,,1.0,,0.10772155225276947
,,445,,,,,,1.0,,0.024755647405982018
,,446,,,,,,1.0,,0.012201282195746899
,,447,,,,,,0.949999988079071,,0.11436478793621063
,,448,,,,,,0.949999988079071,,0.39224475622177124
,,449,,,,,,1.0,,0.012961658649146557
,,450,,,,,,0.800000011920929,,0.49422144889831543
,,451,,,,,,1.0,,0.02122470922768116
,,452,,,,,,1.0,,0.02970835007727146
,,453,,,,,,1.0,,0.03719092160463333
,,454,,,,,,0.949999988079071,,0.17405161261558533
,,455,,,,,,1.0,,0.0011721712071448565
,,456,,,,,,0.9000000357627869,,0.19674232602119446
,,457,,,,,,0.949999988079071,,0.05596042796969414
,,458,,,,,,0.8500000238418579,,0.4594557285308838
,,459,,,,,,1.0,,0.1829049438238144
,,460,,,,,,0.9000000357627869,,0.221087247133255
,,461,,,,,,1.0,,0.008666088804602623
,,462,,,,,,1.0,,0.021693237125873566
,,463,,,,,,0.9000000357627869,,0.20069889724254608
,,464,,,,,,1.0,,0.005804733838886023
,,465,,,,,,0.949999988079071,,0.1501988023519516
,,466,,,,,,1.0,,0.02412501536309719
,,467,,,,,,0.800000011920929,,0.27296075224876404
,,468,,,,,,0.8500000238418579,,0.25111445784568787
,,469,,,,,,0.949999988079071,,0.13689903914928436
,,470,,,,,,0.949999988079071,,0.16294990479946136
,,471,,,,,,0.9000000357627869,,0.11465933173894882
,,472,,,,,,0.949999988079071,,0.49805164337158203
,,473,,,,,,0.9000000357627869,,0.4524376392364502
,,474,,,,,,1.0,,0.02626318670809269
,,475,,,,,,0.949999988079071,,0.12248308956623077
,,476,,,,,,1.0,,0.003186048474162817
,,477,,,,,,0.949999988079071,,0.12678714096546173
,,478,,,,,,0.8500000238418579,,0.1984083652496338
,,479,,,,,,0.949999988079071,,0.14597053825855255
,,480,,,,,,0.800000011920929,,0.5762739181518555
,,481,,,,,,1.0,,0.016057154163718224
,,482,,,,,,1.0,,0.005286079831421375
,,483,,,,,,0.9000000357627869,,0.2835644781589508
,,484,,,,,,1.0,,0.040191855281591415
,,485,,,,,,1.0,,0.022107182070612907
,,486,,,,,,1.0,,0.0036494270898401737
,,487,,,,,,1.0,,0.05304091051220894
,,488,,,,,,1.0,,0.06824292242527008
,,489,,,,,,1.0,,0.005936828907579184
,,490,,,,,,0.8500000238418579,,0.4190979599952698
,,491,,,,,,0.8500000238418579,,0.5093382000923157
,,492,,,,,,0.949999988079071,,0.12413277477025986
,,493,,,,,,0.949999988079071,,0.08728484809398651
,,494,,,,,,0.8500000238418579,,0.5023122429847717
,,495,,,,,,1.0,,0.010631759651005268
,,496,,,,,,1.0,,0.05117044970393181
,,497,,,,,,1.0,,0.02688143029808998
1,,2249,,,,,0.9453815221786499,,0.1555481106042862,
1,,2249,0.9352601170539856,,0.18179620802402496,,,,,
,0.0005,2250,,,,,,,,
2,,2259,,0.9000000357627869,,0.23444882035255432,,,,
2,,2269,,1.0,,0.019022172316908836,,,,
2,,2279,,0.949999988079071,,0.07217707484960556,,,,
2,,2289,,1.0,,0.0031197541393339634,,,,
2,,2299,,1.0,,0.05351940542459488,,,,
2,,2309,,0.8500000238418579,,0.3277585506439209,,,,
2,,2319,,1.0,,0.05188605189323425,,,,
2,,2329,,0.949999988079071,,0.23028583824634552,,,,
2,,2339,,0.9000000357627869,,0.3565197288990021,,,,
2,,2349,,1.0,,0.015821658074855804,,,,
2,,2359,,0.9000000357627869,,0.6686937212944031,,,,
2,,2369,,0.949999988079071,,0.14593203365802765,,,,
2,,2379,,0.949999988079071,,0.2524382174015045,,,,
2,,2389,,0.8500000238418579,,0.26839929819107056,,,,
2,,2399,,0.949999988079071,,0.09647481143474579,,,,
2,,2409,,0.9000000357627869,,0.20717282593250275,,,,
2,,2419,,0.9000000357627869,,0.22658415138721466,,,,
2,,2429,,0.949999988079071,,0.08435340970754623,,,,
2,,2439,,1.0,,0.04405602440237999,,,,
2,,2449,,0.9000000357627869,,0.2223164141178131,,,,
2,,2459,,1.0,,0.008401029743254185,,,,
2,,2469,,1.0,,0.013716231100261211,,,,
2,,2479,,1.0,,0.03767489269375801,,,,
2,,2489,,0.8500000238418579,,0.4066410958766937,,,,
2,,2499,,1.0,,0.03940467908978462,,,,
2,,2509,,1.0,,0.028618350625038147,,,,
2,,2519,,0.9000000357627869,,0.2401241511106491,,,,
2,,2529,,1.0,,0.01826484687626362,,,,
2,,2539,,1.0,,0.03493592143058777,,,,
2,,2549,,1.0,,0.051896143704652786,,,,
2,,2559,,0.949999988079071,,0.0724913477897644,,,,
2,,2569,,0.949999988079071,,0.18791881203651428,,,,
2,,2579,,0.949999988079071,,0.15763221681118011,,,,
2,,2589,,0.800000011920929,,0.3832446038722992,,,,
2,,2599,,1.0,,0.010898029431700706,,,,
2,,2609,,1.0,,0.007071950938552618,,,,
2,,2619,,1.0,,0.007542547769844532,,,,
2,,2629,,0.949999988079071,,0.045868705958127975,,,,
2,,2639,,1.0,,0.036138925701379776,,,,
2,,2649,,1.0,,0.02697182074189186,,,,
2,,2659,,0.949999988079071,,0.11276491731405258,,,,
2,,2669,,1.0,,0.0030969392973929644,,,,
2,,2679,,1.0,,0.005432913079857826,,,,
2,,2689,,0.8500000238418579,,0.3751990497112274,,,,
2,,2699,,1.0,,0.023527299985289574,,,,
2,,2709,,0.9000000357627869,,0.2781860828399658,,,,
2,,2719,,0.949999988079071,,0.18759925663471222,,,,
2,,2729,,0.9000000357627869,,0.37194082140922546,,,,
2,,2739,,0.949999988079071,,0.06717828661203384,,,,
2,,2749,,0.949999988079071,,0.2665480077266693,,,,
2,,2759,,1.0,,0.023304719477891922,,,,
2,,2769,,1.0,,0.0438571460545063,,,,
2,,2779,,0.8500000238418579,,0.6037437915802002,,,,
2,,2789,,1.0,,0.07976490259170532,,,,
2,,2799,,1.0,,0.07973255217075348,,,,
2,,2809,,1.0,,0.03542571887373924,,,,
2,,2819,,0.9000000357627869,,0.25297048687934875,,,,
2,,2829,,1.0,,0.0058971489779651165,,,,
2,,2839,,1.0,,0.03550582751631737,,,,
2,,2849,,1.0,,0.007062435150146484,,,,
2,,2859,,0.9000000357627869,,0.15560045838356018,,,,
2,,2869,,0.949999988079071,,0.16821852326393127,,,,
2,,2879,,0.949999988079071,,0.06463904678821564,,,,
2,,2889,,0.949999988079071,,0.12774790823459625,,,,
2,,2899,,1.0,,0.08218999952077866,,,,
2,,2909,,0.9000000357627869,,0.4574874937534332,,,,
2,,2919,,0.949999988079071,,0.0895085483789444,,,,
2,,2929,,1.0,,0.059682052582502365,,,,
2,,2939,,0.949999988079071,,0.1765921264886856,,,,
2,,2949,,0.800000011920929,,0.45818382501602173,,,,
2,,2959,,1.0,,0.09533505141735077,,,,
2,,2969,,0.949999988079071,,0.07358822226524353,,,,
2,,2979,,1.0,,0.005379469133913517,,,,
2,,2989,,1.0,,0.023135226219892502,,,,
2,,2999,,0.9000000357627869,,0.35641297698020935,,,,
2,,3009,,0.9000000357627869,,0.28907012939453125,,,,
2,,3019,,1.0,,0.0061315144412219524,,,,
2,,3029,,0.9000000357627869,,0.28481200337409973,,,,
2,,3039,,0.800000011920929,,0.4719105362892151,,,,
2,,3049,,0.9000000357627869,,0.29840368032455444,,,,
2,,3059,,1.0,,0.00030087254708632827,,,,
2,,3069,,1.0,,0.0009299451485276222,,,,
2,,3079,,1.0,,0.0026764385402202606,,,,
2,,3089,,1.0,,0.007502126041799784,,,,
2,,3099,,0.949999988079071,,0.1062377467751503,,,,
2,,3109,,1.0,,0.029033217579126358,,,,
2,,3119,,0.949999988079071,,0.1935950666666031,,,,
2,,3129,,0.949999988079071,,0.14188608527183533,,,,
2,,3139,,1.0,,0.001697068684734404,,,,
2,,3149,,0.800000011920929,,0.5741413831710815,,,,
2,,3159,,0.9000000357627869,,0.47581616044044495,,,,
2,,3169,,1.0,,0.022475039586424828,,,,
2,,3179,,1.0,,0.010865246877074242,,,,
2,,3189,,0.949999988079071,,0.1123834028840065,,,,
2,,3199,,0.9000000357627869,,0.2880114018917084,,,,
2,,3209,,0.949999988079071,,0.07640104740858078,,,,
2,,3219,,1.0,,0.0004795616550836712,,,,
2,,3229,,0.9000000357627869,,0.24152405560016632,,,,
2,,3239,,0.800000011920929,,0.49132585525512695,,,,
2,,3249,,0.949999988079071,,0.104856476187706,,,,
2,,3259,,1.0,,0.07439517974853516,,,,
2,,3269,,1.0,,0.08597613871097565,,,,
2,,3279,,0.949999988079071,,0.09689687192440033,,,,
2,,3289,,0.949999988079071,,0.5109801292419434,,,,
2,,3299,,1.0,,0.06089191511273384,,,,
2,,3309,,0.949999988079071,,0.1311417669057846,,,,
2,,3319,,0.949999988079071,,0.1597505360841751,,,,
2,,3329,,1.0,,0.04027466103434563,,,,
2,,3339,,0.9000000357627869,,0.12934044003486633,,,,
2,,3349,,1.0,,0.043349843472242355,,,,
2,,3359,,0.949999988079071,,0.15085414052009583,,,,
2,,3369,,1.0,,0.02103843353688717,,,,
,,498,,,,,,1.0,,0.017537454143166542
,,499,,,,,,1.0,,0.05971727892756462
,,500,,,,,,1.0,,0.0028693233616650105
,,501,,,,,,1.0,,0.024001285433769226
,,502,,,,,,1.0,,0.0034029961097985506
,,503,,,,,,1.0,,0.003821754129603505
,,504,,,,,,0.949999988079071,,0.10588951408863068
,,505,,,,,,1.0,,0.0057964688166975975
,,506,,,,,,0.949999988079071,,0.3809840977191925
,,507,,,,,,1.0,,0.0030551429372280836
,,508,,,,,,1.0,,0.06687738001346588
,,509,,,,,,1.0,,0.008309969678521156
,,510,,,,,,1.0,,0.0018112545367330313
,,511,,,,,,1.0,,0.011452481150627136
,,512,,,,,,0.949999988079071,,0.10415162891149521
,,513,,,,,,1.0,,0.02297661267220974
,,514,,,,,,1.0,,0.026656532660126686
,,515,,,,,,1.0,,0.030617717653512955
,,516,,,,,,0.949999988079071,,0.1674841344356537
,,517,,,,,,1.0,,0.11829788982868195
,,518,,,,,,0.949999988079071,,0.13660766184329987
,,519,,,,,,1.0,,0.012794606387615204
,,520,,,,,,1.0,,0.036207303404808044
,,521,,,,,,1.0,,0.002426904160529375
,,522,,,,,,0.949999988079071,,0.24490025639533997
,,523,,,,,,1.0,,0.0014140347484499216
,,524,,,,,,1.0,,0.07330788671970367
,,525,,,,,,0.949999988079071,,0.09374820441007614
,,526,,,,,,0.949999988079071,,0.17842291295528412
,,527,,,,,,1.0,,0.015230481512844563
,,528,,,,,,0.949999988079071,,0.17312613129615784
,,529,,,,,,0.949999988079071,,0.11327143013477325
,,530,,,,,,1.0,,0.020835280418395996
,,531,,,,,,0.9000000357627869,,0.16739559173583984
,,532,,,,,,1.0,,0.09642377495765686
,,533,,,,,,1.0,,0.03062993846833706
,,534,,,,,,0.9000000357627869,,0.441317081451416
,,535,,,,,,0.9000000357627869,,0.3066510558128357
,,536,,,,,,1.0,,0.00045090727508068085
,,537,,,,,,1.0,,0.006736766546964645
,,538,,,,,,0.949999988079071,,0.14609594643115997
,,539,,,,,,1.0,,0.0010219383984804153
,,540,,,,,,1.0,,0.03281853348016739
,,541,,,,,,0.949999988079071,,0.1016586571931839
,,542,,,,,,0.9000000357627869,,0.3189742863178253
,,543,,,,,,0.949999988079071,,0.17046460509300232
,,544,,,,,,0.949999988079071,,0.14588777720928192
,,545,,,,,,0.9000000357627869,,0.298976331949234
,,546,,,,,,1.0,,0.024454215541481972
,,547,,,,,,1.0,,0.05637585371732712
,,548,,,,,,0.9000000357627869,,0.20086634159088135
,,549,,,,,,0.949999988079071,,0.0637752041220665
,,550,,,,,,0.949999988079071,,0.1605043262243271
,,551,,,,,,1.0,,0.10257108509540558
,,552,,,,,,1.0,,0.031109565868973732
,,553,,,,,,0.949999988079071,,0.07948233932256699
,,554,,,,,,1.0,,0.15497705340385437
,,555,,,,,,1.0,,0.03693189471960068
,,556,,,,,,0.800000011920929,,0.30468904972076416
,,557,,,,,,0.949999988079071,,0.12077406793832779
,,558,,,,,,0.9000000357627869,,0.22727613151073456
,,559,,,,,,1.0,,0.006642491556704044
,,560,,,,,,0.800000011920929,,0.429385244846344
,,561,,,,,,0.8500000238418579,,0.44510340690612793
,,562,,,,,,0.949999988079071,,0.12386389821767807
,,563,,,,,,0.75,,0.6671054363250732
,,564,,,,,,0.949999988079071,,0.2100929319858551
,,565,,,,,,1.0,,0.006129670422524214
,,566,,,,,,1.0,,0.018336616456508636
,,567,,,,,,1.0,,0.043732739984989166
,,568,,,,,,0.949999988079071,,0.15567074716091156
,,569,,,,,,1.0,,0.06696055084466934
,,570,,,,,,1.0,,0.0003211749135516584
,,571,,,,,,0.8500000238418579,,0.3536706864833832
,,572,,,,,,1.0,,0.00011594686657190323
,,573,,,,,,0.949999988079071,,0.07195768505334854
,,574,,,,,,0.949999988079071,,0.17787781357765198
,,575,,,,,,0.949999988079071,,0.09278042614459991
,,576,,,,,,0.949999988079071,,0.2071789801120758
,,577,,,,,,1.0,,0.044658124446868896
,,578,,,,,,1.0,,0.05314474180340767
,,579,,,,,,0.8500000238418579,,0.36616021394729614
,,580,,,,,,1.0,,0.004781884606927633
,,581,,,,,,1.0,,0.001313894405029714
,,582,,,,,,0.9000000357627869,,0.6855895519256592
,,583,,,,,,1.0,,0.0007508863927796483
,,584,,,,,,1.0,,0.04667410999536514
,,585,,,,,,0.949999988079071,,0.1180528998374939
,,586,,,,,,1.0,,0.07838135957717896
,,587,,,,,,1.0,,0.0022082501091063023
,,588,,,,,,0.949999988079071,,0.10516373813152313
,,589,,,,,,1.0,,0.0045921690762043
,,590,,,,,,0.9000000357627869,,0.31028541922569275
,,591,,,,,,1.0,,0.010476415045559406
,,592,,,,,,0.949999988079071,,0.15764547884464264
,,593,,,,,,1.0,,0.0531315803527832
,,594,,,,,,1.0,,0.000727693666703999
,,595,,,,,,1.0,,0.0015783077105879784
,,596,,,,,,0.9000000357627869,,0.12094853073358536
,,597,,,,,,0.9000000357627869,,0.2078138291835785
,,598,,,,,,0.949999988079071,,0.13777777552604675
,,599,,,,,,0.949999988079071,,0.12558387219905853
,,600,,,,,,0.949999988079071,,0.05129075050354004
,,601,,,,,,1.0,,0.003372400300577283
,,602,,,,,,0.8500000238418579,,0.1712563931941986
,,603,,,,,,0.949999988079071,,0.05968845635652542
,,604,,,,,,0.949999988079071,,0.10102260112762451
,,605,,,,,,1.0,,0.0675215870141983
,,606,,,,,,0.9000000357627869,,0.1344468891620636
,,607,,,,,,1.0,,0.02933492884039879
,,608,,,,,,1.0,,0.0038578337989747524
,,609,,,,,,1.0,,1.7881392366803084e-08
,,610,,,,,,1.0,,0.02549571357667446
,,611,,,,,,1.0,,0.00980503298342228
,,612,,,,,,0.949999988079071,,0.13930463790893555
,,613,,,,,,0.8500000238418579,,0.2840014398097992
,,614,,,,,,0.949999988079071,,0.17312481999397278
,,615,,,,,,1.0,,0.001370612415485084
,,616,,,,,,0.949999988079071,,0.11202822625637054
,,617,,,,,,0.949999988079071,,0.11501039564609528
,,618,,,,,,0.9000000357627869,,0.1354229748249054
,,619,,,,,,0.949999988079071,,0.24774165451526642
,,620,,,,,,1.0,,0.04349011555314064
,,621,,,,,,0.949999988079071,,0.13692551851272583
,,622,,,,,,1.0,,0.0013574172044172883
,,623,,,,,,1.0,,0.042265258729457855
,,624,,,,,,1.0,,0.026311328634619713
,,625,,,,,,1.0,,0.013596266508102417
,,626,,,,,,1.0,,2.145764739225342e-07
,,627,,,,,,0.949999988079071,,0.11496023833751678
,,628,,,,,,0.949999988079071,,0.0830204114317894
,,629,,,,,,0.949999988079071,,0.04911443591117859
,,630,,,,,,1.0,,0.012449237518012524
,,631,,,,,,1.0,,0.0010223852004855871
,,632,,,,,,1.0,,0.0301922969520092
,,633,,,,,,0.949999988079071,,0.10208960622549057
,,634,,,,,,0.949999988079071,,0.13608665764331818
,,635,,,,,,0.949999988079071,,0.5163723826408386
,,636,,,,,,0.8500000238418579,,0.2909392714500427
,,637,,,,,,1.0,,0.0010987892746925354
,,638,,,,,,1.0,,0.0070029571652412415
,,639,,,,,,0.949999988079071,,0.06560070812702179
,,640,,,,,,0.949999988079071,,0.14146077632904053
,,641,,,,,,1.0,,0.004896968137472868
,,642,,,,,,0.949999988079071,,0.15106189250946045
,,643,,,,,,1.0,,0.006804493255913258
,,644,,,,,,1.0,,0.01980680786073208
,,645,,,,,,1.0,,0.02514701522886753
,,646,,,,,,0.949999988079071,,0.08860732614994049
,,647,,,,,,0.949999988079071,,0.06758160889148712
,,648,,,,,,0.949999988079071,,0.190590962767601
,,649,,,,,,0.949999988079071,,0.08168785274028778
,,650,,,,,,1.0,,0.02111760899424553
,,651,,,,,,0.9000000357627869,,0.09766222536563873
,,652,,,,,,0.800000011920929,,0.5255173444747925
,,653,,,,,,0.949999988079071,,0.09037996828556061
,,654,,,,,,1.0,,1.4006911897013197e-06
,,655,,,,,,1.0,,1.7285324815929926e-07
,,656,,,,,,1.0,,0.0018186552915722132
,,657,,,,,,1.0,,0.04070773348212242
,,658,,,,,,0.8500000238418579,,0.40985703468322754
,,659,,,,,,0.949999988079071,,0.21330595016479492
,,660,,,,,,0.949999988079071,,0.10516498237848282
,,661,,,,,,0.949999988079071,,0.2079189270734787
,,662,,,,,,0.949999988079071,,0.14200833439826965
,,663,,,,,,0.949999988079071,,0.10850729793310165
,,664,,,,,,0.800000011920929,,0.30637431144714355
,,665,,,,,,0.9000000357627869,,0.09384245425462723
,,666,,,,,,0.949999988079071,,0.0725751668214798
,,667,,,,,,0.800000011920929,,0.38740259408950806
,,668,,,,,,0.949999988079071,,0.16690021753311157
,,669,,,,,,0.949999988079071,,0.06412762403488159
,,670,,,,,,1.0,,0.00022522499784827232
,,671,,,,,,0.75,,0.7123534679412842
,,672,,,,,,0.949999988079071,,0.15657572448253632
,,673,,,,,,0.9000000357627869,,0.2178492248058319
,,674,,,,,,0.949999988079071,,0.1332819163799286
,,675,,,,,,1.0,,0.013080395758152008
,,676,,,,,,1.0,,0.006167330779135227
,,677,,,,,,0.9000000357627869,,0.39346975088119507
,,678,,,,,,1.0,,0.006308070383965969
,,679,,,,,,1.0,,0.03440112993121147
,,680,,,,,,0.9000000357627869,,0.28488412499427795
,,681,,,,,,1.0,,0.002803512616083026
,,682,,,,,,1.0,,0.004937094170600176
,,683,,,,,,0.8500000238418579,,0.3681594431400299
,,684,,,,,,0.9000000357627869,,0.27906182408332825
,,685,,,,,,1.0,,0.004296264611184597
,,686,,,,,,1.0,,0.014138768427073956
,,687,,,,,,0.949999988079071,,0.2019096165895462
,,688,,,,,,0.949999988079071,,0.15175220370292664
,,689,,,,,,0.949999988079071,,0.08529116213321686
,,690,,,,,,0.9000000357627869,,0.11754300445318222
,,691,,,,,,0.9000000357627869,,0.11096327006816864
,,692,,,,,,1.0,,0.018286433070898056
,,693,,,,,,0.8500000238418579,,0.40762853622436523
,,694,,,,,,0.949999988079071,,0.08919952064752579
,,695,,,,,,1.0,,0.0033107013441622257
,,696,,,,,,0.949999988079071,,0.10990805923938751
,,697,,,,,,0.949999988079071,,0.2137521207332611
,,698,,,,,,1.0,,0.005455974023789167
,,699,,,,,,0.8500000238418579,,0.34882575273513794
,,700,,,,,,1.0,,0.01996694877743721
,,701,,,,,,0.949999988079071,,0.19098524749279022
,,702,,,,,,1.0,,0.02946852520108223
,,703,,,,,,0.949999988079071,,0.32484012842178345
,,704,,,,,,1.0,,0.001712661818601191
,,705,,,,,,1.0,,0.10737873613834381
,,706,,,,,,0.949999988079071,,0.18493454158306122
,,707,,,,,,0.9000000357627869,,0.2584003806114197
,,708,,,,,,0.9000000357627869,,0.17421463131904602
,,709,,,,,,1.0,,0.01934961788356304
,,710,,,,,,0.949999988079071,,0.13469207286834717
,,711,,,,,,0.949999988079071,,0.10880780220031738
,,712,,,,,,0.8500000238418579,,1.0523658990859985
,,713,,,,,,1.0,,0.018412413075566292
,,714,,,,,,1.0,,0.10135036706924438
,,715,,,,,,0.949999988079071,,0.0668078288435936
,,716,,,,,,0.949999988079071,,0.09630360454320908
,,717,,,,,,0.9000000357627869,,0.16751612722873688
,,718,,,,,,0.949999988079071,,0.1544589400291443
,,719,,,,,,0.9000000357627869,,0.21819552779197693
,,720,,,,,,0.949999988079071,,0.12707848846912384
,,721,,,,,,0.9000000357627869,,0.32655221223831177
,,722,,,,,,0.9000000357627869,,0.451404869556427
,,723,,,,,,1.0,,0.0009419916314072907
,,724,,,,,,0.9000000357627869,,0.23377065360546112
,,725,,,,,,1.0,,0.006071233190596104
,,726,,,,,,1.0,,0.05934875085949898
,,727,,,,,,0.949999988079071,,0.15419571101665497
,,728,,,,,,0.949999988079071,,0.14127181470394135
,,729,,,,,,0.800000011920929,,0.4662720561027527
,,730,,,,,,1.0,,0.03750515729188919
,,731,,,,,,1.0,,0.03037220798432827
,,732,,,,,,0.9000000357627869,,0.5263382196426392
,,733,,,,,,1.0,,0.037094686180353165
,,734,,,,,,1.0,,0.003910894505679607
,,735,,,,,,1.0,,0.013335776515305042
,,736,,,,,,0.949999988079071,,0.0923420786857605
,,737,,,,,,0.8500000238418579,,0.2906597852706909
,,738,,,,,,1.0,,0.004882865585386753
,,739,,,,,,0.800000011920929,,0.34041231870651245
,,740,,,,,,0.8500000238418579,,0.29629284143447876
,,741,,,,,,0.949999988079071,,0.14838524162769318
,,742,,,,,,0.949999988079071,,0.19400198757648468
,,743,,,,,,0.9000000357627869,,0.3638443350791931
,,744,,,,,,1.0,,0.0011258507147431374
,,745,,,,,,0.949999988079071,,0.15126129984855652
,,746,,,,,,1.0,,0.02329963818192482
2,,3374,,,,,0.9556224942207336,,0.12703391909599304,
2,,3374,0.952890157699585,,0.1371799260377884,,,,,
,0.0005,3375,,,,,,,,
3,,3379,,1.0,,0.042720116674900055,,,,
3,,3389,,0.75,,0.39964550733566284,,,,
3,,3399,,0.949999988079071,,0.06871261447668076,,,,
3,,3409,,0.9000000357627869,,0.41936859488487244,,,,
3,,3419,,1.0,,0.003860239405184984,,,,
3,,3429,,1.0,,0.00023268738004844636,,,,
3,,3439,,1.0,,0.0003442441229708493,,,,
3,,3449,,0.949999988079071,,0.08763323724269867,,,,
3,,3459,,1.0,,0.055555373430252075,,,,
3,,3469,,1.0,,0.015068748965859413,,,,
3,,3479,,0.949999988079071,,0.2502431571483612,,,,
3,,3489,,1.0,,5.882823643332813e-06,,,,
3,,3499,,1.0,,0.005935949739068747,,,,
3,,3509,,0.800000011920929,,0.3079211711883545,,,,
3,,3519,,0.949999988079071,,0.0545225627720356,,,,
3,,3529,,1.0,,0.15906091034412384,,,,
3,,3539,,0.9000000357627869,,0.30277419090270996,,,,
3,,3549,,0.8500000238418579,,0.23483498394489288,,,,
3,,3559,,0.949999988079071,,0.08317675441503525,,,,
3,,3569,,0.949999988079071,,0.1834867149591446,,,,
3,,3579,,0.8500000238418579,,0.30866163969039917,,,,
3,,3589,,1.0,,0.00329776993021369,,,,
3,,3599,,1.0,,0.014739586040377617,,,,
3,,3609,,0.949999988079071,,0.19737741351127625,,,,
3,,3619,,1.0,,0.03281567990779877,,,,
3,,3629,,0.949999988079071,,0.5020496249198914,,,,
3,,3639,,1.0,,0.011493817903101444,,,,
3,,3649,,1.0,,0.004058456048369408,,,,
3,,3659,,1.0,,0.033085934817790985,,,,
3,,3669,,1.0,,0.03560767322778702,,,,
3,,3679,,1.0,,0.01239121612161398,,,,
3,,3689,,1.0,,0.05567978695034981,,,,
3,,3699,,1.0,,0.004038036800920963,,,,
3,,3709,,1.0,,0.008934693410992622,,,,
