epoch,lr-AdamW,step,train_acc_top1_epoch,train_acc_top1_step,train_acc_top5_epoch,train_acc_top5_step,train_loss_epoch,train_loss_step,train_mean_pos_epoch,train_mean_pos_step,val_acc_top1,val_acc_top5,val_loss_epoch,val_loss_step,val_mean_pos
,0.0005,0,,,,,,,,,,,,,
0,,9,,0.0078125,,0.0234375,,10.39776611328125,,115.7734375,,,,,
0,,19,,0.01953125,,0.09765625,,7.3941497802734375,,82.625,,,,,
0,,29,,0.01171875,,0.03125,,6.057655334472656,,85.3203125,,,,,
0,,39,,0.03515625,,0.13671875,,5.601360321044922,,78.16015625,,,,,
0,,49,,0.02734375,,0.1015625,,5.748481750488281,,65.640625,,,,,
0,,59,,0.03125,,0.1015625,,5.29986572265625,,62.33203125,,,,,
0,,69,,0.03515625,,0.0859375,,6.307533264160156,,70.06640625,,,,,
0,,79,,0.01953125,,0.08203125,,5.626262664794922,,77.859375,,,,,
0,,89,,0.01953125,,0.0625,,5.327323913574219,,60.9296875,,,,,
0,,99,,0.04296875,,0.125,,5.291374206542969,,61.71484375,,,,,
0,,109,,0.0234375,,0.10546875,,5.2547607421875,,59.6484375,,,,,
0,,119,,0.015625,,0.07421875,,5.3320770263671875,,62.015625,,,,,
0,,129,,0.03125,,0.1015625,,5.453727722167969,,57.45703125,,,,,
0,,139,,0.02734375,,0.12109375,,5.4165496826171875,,60.51171875,,,,,
0,,149,,0.01953125,,0.0859375,,5.3210906982421875,,60.57421875,,,,,
0,,159,,0.01171875,,0.125,,5.272514343261719,,55.671875,,,,,
0,,169,,0.02734375,,0.07421875,,5.3738861083984375,,65.81640625,,,,,
0,,179,,0.04296875,,0.125,,5.507843017578125,,55.32421875,,,,,
0,,189,,0.0546875,,0.16015625,,5.2033538818359375,,53.56640625,,,,,
0,,199,,0.0390625,,0.16015625,,5.220481872558594,,46.29296875,,,,,
0,,209,,0.05078125,,0.09375,,5.750450134277344,,63.25390625,,,,,
0,,219,,0.03125,,0.1015625,,5.5450897216796875,,60.078125,,,,,
0,,229,,0.03125,,0.10546875,,5.462615966796875,,60.078125,,,,,
0,,239,,0.04296875,,0.12109375,,5.120849609375,,51.66796875,,,,,
0,,249,,0.02734375,,0.09765625,,5.214805603027344,,55.453125,,,,,
0,,259,,0.01953125,,0.1171875,,5.461326599121094,,64.53515625,,,,,
0,,269,,0.015625,,0.11328125,,5.072994232177734,,51.73828125,,,,,
0,,279,,0.0234375,,0.171875,,5.211738586425781,,55.328125,,,,,
0,,289,,0.04296875,,0.13671875,,5.3428192138671875,,53.171875,,,,,
0,,299,,0.04296875,,0.16796875,,5.1241607666015625,,49.796875,,,,,
0,,309,,0.0390625,,0.140625,,5.1882476806640625,,54.88671875,,,,,
0,,319,,0.0703125,,0.1484375,,5.077156066894531,,53.59765625,,,,,
0,,329,,0.05078125,,0.1796875,,4.9091644287109375,,46.33984375,,,,,
0,,339,,0.046875,,0.15625,,4.921623229980469,,44.4765625,,,,,
0,,349,,0.046875,,0.140625,,4.743194580078125,,37.09375,,,,,
,,0,,,,,,,,,,,,4.800605773925781,
,,1,,,,,,,,,,,,4.951263427734375,
,,2,,,,,,,,,,,,4.6446380615234375,
,,3,,,,,,,,,,,,5.4037017822265625,
,,4,,,,,,,,,,,,5.100028991699219,
,,5,,,,,,,,,,,,4.972492218017578,
,,6,,,,,,,,,,,,4.906944274902344,
,,7,,,,,,,,,,,,4.605079650878906,
,,8,,,,,,,,,,,,5.3363494873046875,
,,9,,,,,,,,,,,,5.512855529785156,
,,10,,,,,,,,,,,,5.3086395263671875,
,,11,,,,,,,,,,,,4.701927185058594,
,,12,,,,,,,,,,,,5.720970153808594,
,,13,,,,,,,,,,,,4.573112487792969,
,,14,,,,,,,,,,,,4.8016815185546875,
,,15,,,,,,,,,,,,5.2669219970703125,
,,16,,,,,,,,,,,,4.7844390869140625,
,,17,,,,,,,,,,,,4.6310882568359375,
,,18,,,,,,,,,,,,5.139076232910156,
,,19,,,,,,,,,,,,5.246498107910156,
,,20,,,,,,,,,,,,4.751686096191406,
,,21,,,,,,,,,,,,5.257926940917969,
,,22,,,,,,,,,,,,5.177825927734375,
,,23,,,,,,,,,,,,5.316322326660156,
,,24,,,,,,,,,,,,5.43695068359375,
,,25,,,,,,,,,,,,4.741607666015625,
,,26,,,,,,,,,,,,5.802497863769531,
,,27,,,,,,,,,,,,5.4605560302734375,
,,28,,,,,,,,,,,,5.151214599609375,
,,29,,,,,,,,,,,,5.6108551025390625,
,,30,,,,,,,,,,,,4.656150817871094,
,,31,,,,,,,,,,,,5.38348388671875,
,,32,,,,,,,,,,,,5.04351806640625,
,,33,,,,,,,,,,,,5.080390930175781,
,,34,,,,,,,,,,,,5.5494232177734375,
,,35,,,,,,,,,,,,4.952056884765625,
,,36,,,,,,,,,,,,5.156242370605469,
,,37,,,,,,,,,,,,4.895408630371094,
,,38,,,,,,,,,,,,5.5916748046875,
,,39,,,,,,,,,,,,4.6428680419921875,
,,40,,,,,,,,,,,,4.8815765380859375,
,,41,,,,,,,,,,,,5.163124084472656,
,,42,,,,,,,,,,,,5.131355285644531,
,,43,,,,,,,,,,,,4.5027923583984375,
,,44,,,,,,,,,,,,5.5933074951171875,
,,45,,,,,,,,,,,,4.924339294433594,
,,46,,,,,,,,,,,,4.7574005126953125,
,,47,,,,,,,,,,,,5.12408447265625,
,,48,,,,,,,,,,,,5.144828796386719,
,,49,,,,,,,,,,,,5.6521148681640625,
,,50,,,,,,,,,,,,4.954597473144531,
,,51,,,,,,,,,,,,4.694526672363281,
,,52,,,,,,,,,,,,4.875762939453125,
,,53,,,,,,,,,,,,5.4169464111328125,
,,54,,,,,,,,,,,,5.840972900390625,
,,55,,,,,,,,,,,,5.566886901855469,
,,56,,,,,,,,,,,,5.242034912109375,
,,57,,,,,,,,,,,,4.5814056396484375,
,,58,,,,,,,,,,,,5.254173278808594,
,,59,,,,,,,,,,,,6.570274353027344,
,,60,,,,,,,,,,,,4.666534423828125,
,,61,,,,,,,,,,,,5.194305419921875,
,,62,,,,,,,,,,,,5.0256805419921875,
,,63,,,,,,,,,,,,4.6151885986328125,
,,64,,,,,,,,,,,,4.700157165527344,
,,65,,,,,,,,,,,,4.6996917724609375,
,,66,,,,,,,,,,,,4.850700378417969,
,,67,,,,,,,,,,,,4.9794921875,
,,68,,,,,,,,,,,,4.763153076171875,
,,69,,,,,,,,,,,,5.085906982421875,
,,70,,,,,,,,,,,,4.680267333984375,
,,71,,,,,,,,,,,,5.5102081298828125,
,,72,,,,,,,,,,,,5.944526672363281,
,,73,,,,,,,,,,,,5.41522216796875,
,,74,,,,,,,,,,,,5.411918640136719,
,,75,,,,,,,,,,,,4.808319091796875,
,,76,,,,,,,,,,,,5.002311706542969,
,,77,,,,,,,,,,,,4.935356140136719,
,,78,,,,,,,,,,,,3.620410203933716,
0,,351,,,,,,,,,0.055077970027923584,0.18322670459747314,5.102524757385254,,45.05927658081055
0,,351,0.027590114623308182,,0.1118771955370903,,5.596539497375488,,62.40915298461914,,,,,,
,0.00010851327915090778,352,,,,,,,,,,,,,
1,,359,,0.02734375,,0.16796875,,4.874198913574219,,43.94140625,,,,,
1,,369,,0.02734375,,0.125,,5.1142578125,,44.21484375,,,,,
1,,379,,0.03125,,0.16796875,,5.09033203125,,49.37890625,,,,,
1,,389,,0.0390625,,0.1875,,4.936103820800781,,44.68359375,,,,,
1,,399,,0.07421875,,0.22265625,,4.855094909667969,,44.0625,,,,,
1,,409,,0.03515625,,0.1875,,4.686424255371094,,38.62109375,,,,,
1,,419,,0.06640625,,0.19921875,,4.634613037109375,,34.87109375,,,,,
1,,429,,0.08984375,,0.2109375,,4.626319885253906,,36.65625,,,,,
1,,439,,0.0390625,,0.1171875,,5.026081085205078,,41.85546875,,,,,
1,,449,,0.046875,,0.22265625,,4.425907135009766,,32.05078125,,,,,
1,,459,,0.06640625,,0.234375,,4.724540710449219,,38.38671875,,,,,
1,,469,,0.08203125,,0.22265625,,4.541748046875,,35.203125,,,,,
1,,479,,0.08203125,,0.22265625,,4.9190216064453125,,44.23046875,,,,,
1,,489,,0.046875,,0.23828125,,4.89105224609375,,38.76171875,,,,,
1,,499,,0.03515625,,0.1953125,,4.592197418212891,,36.5390625,,,,,
1,,509,,0.05078125,,0.19921875,,4.6417388916015625,,35.23046875,,,,,
1,,519,,0.0546875,,0.2109375,,4.542644500732422,,32.8359375,,,,,
1,,529,,0.0546875,,0.203125,,4.598911285400391,,34.40625,,,,,
1,,539,,0.05078125,,0.2578125,,4.515560150146484,,34.328125,,,,,
1,,549,,0.01953125,,0.14453125,,4.7274169921875,,37.44921875,,,,,
1,,559,,0.03515625,,0.17578125,,4.966693878173828,,44.19921875,,,,,
1,,569,,0.03515625,,0.16015625,,4.727565765380859,,32.4765625,,,,,
1,,579,,0.11328125,,0.28125,,4.528110504150391,,33.734375,,,,,
1,,589,,0.09375,,0.31640625,,4.394721984863281,,30.765625,,,,,
1,,599,,0.0625,,0.21875,,4.672351837158203,,36.43359375,,,,,
1,,609,,0.04296875,,0.1640625,,4.527477264404297,,35.390625,,,,,
1,,619,,0.078125,,0.2109375,,4.640773773193359,,36.41796875,,,,,
1,,629,,0.04296875,,0.16015625,,4.58038330078125,,34.70703125,,,,,
1,,639,,0.02734375,,0.203125,,4.596488952636719,,35.625,,,,,
1,,649,,0.09375,,0.2265625,,4.895927429199219,,44.171875,,,,,
1,,659,,0.04296875,,0.16796875,,4.808967590332031,,41.46875,,,,,
1,,669,,0.06640625,,0.1640625,,4.6238861083984375,,35.8671875,,,,,
1,,679,,0.05078125,,0.21484375,,4.616901397705078,,33.609375,,,,,
1,,689,,0.06640625,,0.28125,,4.524787902832031,,33.8203125,,,,,
1,,699,,0.046875,,0.23046875,,4.547863006591797,,30.53125,,,,,
,,79,,,,,,,,,,,,4.491607666015625,
,,80,,,,,,,,,,,,5.045509338378906,
,,81,,,,,,,,,,,,4.935569763183594,
,,82,,,,,,,,,,,,4.595989227294922,
,,83,,,,,,,,,,,,4.661590576171875,
,,84,,,,,,,,,,,,4.764404296875,
,,85,,,,,,,,,,,,4.5136260986328125,
,,86,,,,,,,,,,,,4.647499084472656,
,,87,,,,,,,,,,,,4.883201599121094,
,,88,,,,,,,,,,,,4.423305511474609,
,,89,,,,,,,,,,,,4.502948760986328,
,,90,,,,,,,,,,,,4.6148529052734375,
,,91,,,,,,,,,,,,4.563758850097656,
,,92,,,,,,,,,,,,4.067924499511719,
,,93,,,,,,,,,,,,5.131622314453125,
,,94,,,,,,,,,,,,4.745964050292969,
,,95,,,,,,,,,,,,4.53369140625,
,,96,,,,,,,,,,,,5.278106689453125,
,,97,,,,,,,,,,,,4.70489501953125,
,,98,,,,,,,,,,,,4.388664245605469,
,,99,,,,,,,,,,,,5.037269592285156,
,,100,,,,,,,,,,,,5.044189453125,
,,101,,,,,,,,,,,,4.319187164306641,
,,102,,,,,,,,,,,,4.3782958984375,
,,103,,,,,,,,,,,,4.857078552246094,
,,104,,,,,,,,,,,,5.076667785644531,
,,105,,,,,,,,,,,,4.469276428222656,
,,106,,,,,,,,,,,,5.177215576171875,
,,107,,,,,,,,,,,,4.409477233886719,
,,108,,,,,,,,,,,,4.286979675292969,
,,109,,,,,,,,,,,,4.441864013671875,
,,110,,,,,,,,,,,,5.159614562988281,
,,111,,,,,,,,,,,,4.373760223388672,
,,112,,,,,,,,,,,,4.363655090332031,
,,113,,,,,,,,,,,,4.649650573730469,
,,114,,,,,,,,,,,,4.888202667236328,
,,115,,,,,,,,,,,,4.633697509765625,
,,116,,,,,,,,,,,,5.072792053222656,
,,117,,,,,,,,,,,,4.673736572265625,
,,118,,,,,,,,,,,,4.9437713623046875,
,,119,,,,,,,,,,,,5.2992095947265625,
,,120,,,,,,,,,,,,5.0989532470703125,
,,121,,,,,,,,,,,,4.553466796875,
,,122,,,,,,,,,,,,4.86761474609375,
,,123,,,,,,,,,,,,4.478187561035156,
,,124,,,,,,,,,,,,4.812503814697266,
,,125,,,,,,,,,,,,4.503410339355469,
,,126,,,,,,,,,,,,4.634429931640625,
,,127,,,,,,,,,,,,4.555625915527344,
,,128,,,,,,,,,,,,4.861946105957031,
,,129,,,,,,,,,,,,4.6540374755859375,
,,130,,,,,,,,,,,,4.650634765625,
,,131,,,,,,,,,,,,4.883689880371094,
,,132,,,,,,,,,,,,4.839393615722656,
,,133,,,,,,,,,,,,5.412151336669922,
,,134,,,,,,,,,,,,4.530418395996094,
,,135,,,,,,,,,,,,4.884239196777344,
,,136,,,,,,,,,,,,4.8505859375,
,,137,,,,,,,,,,,,4.6818084716796875,
,,138,,,,,,,,,,,,4.577915191650391,
,,139,,,,,,,,,,,,4.913490295410156,
,,140,,,,,,,,,,,,4.5268402099609375,
,,141,,,,,,,,,,,,5.08489990234375,
,,142,,,,,,,,,,,,4.9656829833984375,
,,143,,,,,,,,,,,,4.507087707519531,
,,144,,,,,,,,,,,,4.855144500732422,
,,145,,,,,,,,,,,,4.793697357177734,
,,146,,,,,,,,,,,,5.020362854003906,
,,147,,,,,,,,,,,,4.350303649902344,
,,148,,,,,,,,,,,,5.024143218994141,
,,149,,,,,,,,,,,,4.85107421875,
,,150,,,,,,,,,,,,4.90496826171875,
,,151,,,,,,,,,,,,4.308677673339844,
,,152,,,,,,,,,,,,4.577827453613281,
,,153,,,,,,,,,,,,4.954891204833984,
,,154,,,,,,,,,,,,4.922386169433594,
,,155,,,,,,,,,,,,4.591033935546875,
,,156,,,,,,,,,,,,4.950782775878906,
,,157,,,,,,,,,,,,2.4423828125,
1,,703,,,,,,,,,0.07282087206840515,0.23620551824569702,4.732395648956299,,35.13469696044922
1,,703,0.05855260416865349,,0.21078714728355408,,4.690150737762451,,37.082374572753906,,,,,,
,0.00018517028069488944,704,,,,,,,,,,,,,
2,,709,,0.08984375,,0.26171875,,4.168403625488281,,28.03125,,,,,
2,,719,,0.078125,,0.2265625,,4.375942230224609,,29.625,,,,,
2,,729,,0.08984375,,0.21875,,4.574226379394531,,33.44921875,,,,,
2,,739,,0.0859375,,0.28515625,,4.62939453125,,35.76171875,,,,,
2,,749,,0.0703125,,0.2578125,,4.875339508056641,,38.7265625,,,,,
2,,759,,0.0703125,,0.28515625,,4.239963531494141,,25.66796875,,,,,
2,,769,,0.0390625,,0.23828125,,4.660228729248047,,34.8828125,,,,,
2,,779,,0.0703125,,0.265625,,4.559944152832031,,32.203125,,,,,
2,,789,,0.02734375,,0.2109375,,4.9727630615234375,,38.765625,,,,,
2,,799,,0.0703125,,0.2421875,,4.4303131103515625,,28.6328125,,,,,
2,,809,,0.078125,,0.2734375,,4.430595397949219,,29.44140625,,,,,
2,,819,,0.05078125,,0.17578125,,4.785041809082031,,38.58203125,,,,,
2,,829,,0.0703125,,0.24609375,,4.97918701171875,,36.70703125,,,,,
2,,839,,0.05078125,,0.19921875,,5.555824279785156,,45.30078125,,,,,
2,,849,,0.0546875,,0.24609375,,4.9825439453125,,39.73828125,,,,,
2,,859,,0.06640625,,0.19921875,,4.697174072265625,,36.20703125,,,,,
2,,869,,0.0859375,,0.23828125,,4.694129943847656,,33.82421875,,,,,
2,,879,,0.06640625,,0.23828125,,4.596160888671875,,31.12890625,,,,,
2,,889,,0.08203125,,0.2734375,,4.493492126464844,,29.6015625,,,,,
2,,899,,0.08203125,,0.29296875,,4.666271209716797,,36.01171875,,,,,
2,,909,,0.1015625,,0.32421875,,4.4897308349609375,,31.37109375,,,,,
2,,919,,0.1328125,,0.3359375,,4.050518035888672,,26.0859375,,,,,
2,,929,,0.125,,0.3046875,,4.746059417724609,,33.60546875,,,,,
2,,939,,0.12109375,,0.3203125,,4.359474182128906,,25.33203125,,,,,
2,,949,,0.1171875,,0.28125,,4.597934722900391,,33.18359375,,,,,
2,,959,,0.078125,,0.27734375,,4.845912933349609,,34.3359375,,,,,
2,,969,,0.0859375,,0.23828125,,4.73468017578125,,31.2734375,,,,,
2,,979,,0.10546875,,0.2421875,,4.508811950683594,,35.37890625,,,,,
2,,989,,0.0625,,0.21484375,,5.475685119628906,,40.4921875,,,,,
2,,999,,0.0625,,0.22265625,,4.6594085693359375,,42.91015625,,,,,
2,,1009,,0.0625,,0.26953125,,4.993152618408203,,37.828125,,,,,
2,,1019,,0.125,,0.34375,,4.4942779541015625,,27.38671875,,,,,
2,,1029,,0.0390625,,0.125,,5.680000305175781,,55.55859375,,,,,
2,,1039,,0.05859375,,0.1953125,,5.336647033691406,,52.69921875,,,,,
2,,1049,,0.12109375,,0.296875,,4.73284912109375,,32.39453125,,,,,
,,158,,,,,,,,,,,,4.6851959228515625,
,,159,,,,,,,,,,,,4.641075134277344,
,,160,,,,,,,,,,,,4.719818115234375,
,,161,,,,,,,,,,,,4.4781341552734375,
,,162,,,,,,,,,,,,4.830101013183594,
,,163,,,,,,,,,,,,4.8376617431640625,
,,164,,,,,,,,,,,,4.80084228515625,
,,165,,,,,,,,,,,,4.536064147949219,
,,166,,,,,,,,,,,,4.669158935546875,
,,167,,,,,,,,,,,,4.590614318847656,
,,168,,,,,,,,,,,,4.660736083984375,
,,169,,,,,,,,,,,,4.654792785644531,
,,170,,,,,,,,,,,,4.6763916015625,
,,171,,,,,,,,,,,,4.6925201416015625,
,,172,,,,,,,,,,,,4.669639587402344,
,,173,,,,,,,,,,,,4.656593322753906,
,,174,,,,,,,,,,,,4.7879791259765625,
,,175,,,,,,,,,,,,4.524635314941406,
,,176,,,,,,,,,,,,4.49664306640625,
,,177,,,,,,,,,,,,4.783729553222656,
,,178,,,,,,,,,,,,4.845008850097656,
,,179,,,,,,,,,,,,4.3927001953125,
,,180,,,,,,,,,,,,4.662437438964844,
,,181,,,,,,,,,,,,4.64276123046875,
,,182,,,,,,,,,,,,4.5214385986328125,
,,183,,,,,,,,,,,,4.651519775390625,
,,184,,,,,,,,,,,,4.844001770019531,
,,185,,,,,,,,,,,,4.7910308837890625,
,,186,,,,,,,,,,,,4.501800537109375,
,,187,,,,,,,,,,,,4.6650848388671875,
,,188,,,,,,,,,,,,4.582817077636719,
,,189,,,,,,,,,,,,4.615150451660156,
,,190,,,,,,,,,,,,4.6972808837890625,
,,191,,,,,,,,,,,,4.8080291748046875,
,,192,,,,,,,,,,,,4.6624603271484375,
,,193,,,,,,,,,,,,4.637458801269531,
,,194,,,,,,,,,,,,4.803478240966797,
,,195,,,,,,,,,,,,4.6157989501953125,
,,196,,,,,,,,,,,,4.7302703857421875,
,,197,,,,,,,,,,,,4.490653991699219,
,,198,,,,,,,,,,,,4.5780181884765625,
,,199,,,,,,,,,,,,4.735992431640625,
,,200,,,,,,,,,,,,4.507408142089844,
,,201,,,,,,,,,,,,4.7305450439453125,
,,202,,,,,,,,,,,,4.655677795410156,
,,203,,,,,,,,,,,,4.8782958984375,
,,204,,,,,,,,,,,,4.739128112792969,
,,205,,,,,,,,,,,,4.6088714599609375,
,,206,,,,,,,,,,,,4.6221160888671875,
,,207,,,,,,,,,,,,4.503715515136719,
,,208,,,,,,,,,,,,4.524482727050781,
,,209,,,,,,,,,,,,4.564552307128906,
,,210,,,,,,,,,,,,4.6719207763671875,
,,211,,,,,,,,,,,,4.8828125,
,,212,,,,,,,,,,,,4.637413024902344,
,,213,,,,,,,,,,,,4.602378845214844,
,,214,,,,,,,,,,,,4.612617492675781,
,,215,,,,,,,,,,,,4.673118591308594,
,,216,,,,,,,,,,,,4.537445068359375,
,,217,,,,,,,,,,,,4.7755126953125,
,,218,,,,,,,,,,,,4.564491271972656,
,,219,,,,,,,,,,,,4.619804382324219,
,,220,,,,,,,,,,,,4.667076110839844,
,,221,,,,,,,,,,,,4.690521240234375,
,,222,,,,,,,,,,,,4.823211669921875,
,,223,,,,,,,,,,,,4.659904479980469,
,,224,,,,,,,,,,,,4.735816955566406,
,,225,,,,,,,,,,,,4.623626708984375,
,,226,,,,,,,,,,,,4.563262939453125,
,,227,,,,,,,,,,,,4.7519683837890625,
,,228,,,,,,,,,,,,4.790428161621094,
,,229,,,,,,,,,,,,4.5057373046875,
,,230,,,,,,,,,,,,4.664741516113281,
,,231,,,,,,,,,,,,4.713081359863281,
,,232,,,,,,,,,,,,4.618736267089844,
,,233,,,,,,,,,,,,4.5708160400390625,
,,234,,,,,,,,,,,,4.989677429199219,
,,235,,,,,,,,,,,,4.444705963134766,
,,236,,,,,,,,,,,,3.1622071266174316,
2,,1055,,,,,,,,,0.06322471052408218,0.2028188705444336,4.658452987670898,,44.132198333740234
2,,1055,0.0772978812456131,,0.24812769889831543,,4.722376346588135,,35.133544921875,,,,,,
,0.0004849897951252891,1056,,,,,,,,,,,,,
3,,1059,,0.04296875,,0.12890625,,5.030384063720703,,42.29296875,,,,,
3,,1069,,0.04296875,,0.1640625,,5.1510162353515625,,44.70703125,,,,,
3,,1079,,0.08203125,,0.17578125,,5.510398864746094,,54.84375,,,,,
3,,1089,,0.08984375,,0.2265625,,4.908481597900391,,44.4765625,,,,,
3,,1099,,0.03515625,,0.296875,,4.83905029296875,,35.05078125,,,,,
3,,1109,,0.12109375,,0.27734375,,4.6989288330078125,,38.58984375,,,,,
3,,1119,,0.0234375,,0.15234375,,5.632438659667969,,74.46484375,,,,,
3,,1129,,0.0234375,,0.109375,,5.6957244873046875,,71.09765625,,,,,
3,,1139,,0.015625,,0.05859375,,5.868919372558594,,73.51953125,,,,,
3,,1149,,0.0234375,,0.11328125,,5.436408996582031,,65.50390625,,,,,
3,,1159,,0.015625,,0.11328125,,5.64813232421875,,66.60546875,,,,,
3,,1169,,0.0546875,,0.10546875,,5.212715148925781,,55.359375,,,,,
3,,1179,,0.0703125,,0.1796875,,5.083930969238281,,49.01953125,,,,,
3,,1189,,0.10546875,,0.21875,,4.862892150878906,,40.015625,,,,,
3,,1199,,0.07421875,,0.171875,,4.943016052246094,,42.19140625,,,,,
3,,1209,,0.046875,,0.1640625,,4.864967346191406,,41.11328125,,,,,
3,,1219,,0.05078125,,0.18359375,,4.927467346191406,,41.453125,,,,,
3,,1229,,0.109375,,0.26171875,,4.768146514892578,,37.67578125,,,,,
3,,1239,,0.08984375,,0.25,,4.643821716308594,,35.8203125,,,,,
3,,1249,,0.0859375,,0.2421875,,4.380950927734375,,26.5625,,,,,
3,,1259,,0.0703125,,0.21484375,,4.471111297607422,,29.76171875,,,,,
3,,1269,,0.1015625,,0.27734375,,4.541622161865234,,31.1953125,,,,,
3,,1279,,0.0859375,,0.2890625,,4.479734420776367,,27.83984375,,,,,
3,,1289,,0.1328125,,0.3671875,,4.210578918457031,,24.80859375,,,,,
3,,1299,,0.11328125,,0.39453125,,4.289394378662109,,27.109375,,,,,
3,,1309,,0.12109375,,0.30078125,,4.303989410400391,,24.41015625,,,,,
3,,1319,,0.12109375,,0.32421875,,4.409069061279297,,30.05859375,,,,,
3,,1329,,0.1171875,,0.3671875,,4.0391387939453125,,20.96484375,,,,,
3,,1339,,0.13671875,,0.3359375,,4.286472320556641,,26.90625,,,,,
3,,1349,,0.1171875,,0.32421875,,4.386646270751953,,24.875,,,,,
3,,1359,,0.09765625,,0.2890625,,4.300006866455078,,25.6875,,,,,
3,,1369,,0.1171875,,0.3359375,,4.215778350830078,,23.9921875,,,,,
3,,1379,,0.1796875,,0.3984375,,4.048942565917969,,22.74609375,,,,,
3,,1389,,0.11328125,,0.34765625,,4.285636901855469,,25.0703125,,,,,
3,,1399,,0.125,,0.33984375,,4.038421630859375,,26.3359375,,,,,
,,237,,,,,,,,,,,,4.425891876220703,
,,238,,,,,,,,,,,,4.540287017822266,
,,239,,,,,,,,,,,,5.1819305419921875,
,,240,,,,,,,,,,,,4.336181640625,
,,241,,,,,,,,,,,,4.854236602783203,
,,242,,,,,,,,,,,,4.110847473144531,
,,243,,,,,,,,,,,,4.231803894042969,
,,244,,,,,,,,,,,,4.374305725097656,
,,245,,,,,,,,,,,,5.194587707519531,
,,246,,,,,,,,,,,,4.801387786865234,
,,247,,,,,,,,,,,,4.960971832275391,
,,248,,,,,,,,,,,,4.445034027099609,
,,249,,,,,,,,,,,,4.4642486572265625,
,,250,,,,,,,,,,,,4.894401550292969,
,,251,,,,,,,,,,,,4.634002685546875,
,,252,,,,,,,,,,,,4.748134613037109,
,,253,,,,,,,,,,,,5.765846252441406,
,,254,,,,,,,,,,,,4.800750732421875,
,,255,,,,,,,,,,,,4.399562835693359,
,,256,,,,,,,,,,,,4.438228607177734,
,,257,,,,,,,,,,,,5.101993560791016,
,,258,,,,,,,,,,,,4.878757476806641,
,,259,,,,,,,,,,,,4.421955108642578,
,,260,,,,,,,,,,,,4.9876708984375,
,,261,,,,,,,,,,,,5.109706878662109,
,,262,,,,,,,,,,,,5.022972106933594,
,,263,,,,,,,,,,,,5.276069641113281,
,,264,,,,,,,,,,,,5.259071350097656,
,,265,,,,,,,,,,,,5.795688629150391,
,,266,,,,,,,,,,,,4.635173797607422,
,,267,,,,,,,,,,,,4.300665855407715,
,,268,,,,,,,,,,,,4.528877258300781,
,,269,,,,,,,,,,,,4.2439727783203125,
,,270,,,,,,,,,,,,4.297466278076172,
,,271,,,,,,,,,,,,4.720798492431641,
,,272,,,,,,,,,,,,4.969463348388672,
,,273,,,,,,,,,,,,4.090915679931641,
,,274,,,,,,,,,,,,5.0699615478515625,
,,275,,,,,,,,,,,,5.640968322753906,
,,276,,,,,,,,,,,,5.201808929443359,
,,277,,,,,,,,,,,,5.188224792480469,
,,278,,,,,,,,,,,,5.227558135986328,
,,279,,,,,,,,,,,,5.0523529052734375,
,,280,,,,,,,,,,,,4.85430908203125,
,,281,,,,,,,,,,,,5.0496368408203125,
,,282,,,,,,,,,,,,4.947898864746094,
,,283,,,,,,,,,,,,4.525535583496094,
,,284,,,,,,,,,,,,5.1028900146484375,
,,285,,,,,,,,,,,,4.549674987792969,
,,286,,,,,,,,,,,,5.060092926025391,
,,287,,,,,,,,,,,,4.691448211669922,
,,288,,,,,,,,,,,,3.82684326171875,
,,289,,,,,,,,,,,,4.964324951171875,
,,290,,,,,,,,,,,,4.9230804443359375,
,,291,,,,,,,,,,,,4.970611572265625,
,,292,,,,,,,,,,,,4.9229736328125,
,,293,,,,,,,,,,,,5.479656219482422,
,,294,,,,,,,,,,,,4.764438629150391,
,,295,,,,,,,,,,,,4.70263671875,
,,296,,,,,,,,,,,,5.391078948974609,
,,297,,,,,,,,,,,,4.552494049072266,
,,298,,,,,,,,,,,,4.966133117675781,
,,299,,,,,,,,,,,,4.8502655029296875,
,,300,,,,,,,,,,,,4.342655181884766,
,,301,,,,,,,,,,,,4.710910797119141,
,,302,,,,,,,,,,,,4.904624938964844,
,,303,,,,,,,,,,,,4.368518829345703,
,,304,,,,,,,,,,,,5.2851409912109375,
,,305,,,,,,,,,,,,4.624509811401367,
,,306,,,,,,,,,,,,4.236442565917969,
,,307,,,,,,,,,,,,4.032627105712891,
,,308,,,,,,,,,,,,4.9344024658203125,
,,309,,,,,,,,,,,,4.794078826904297,
,,310,,,,,,,,,,,,5.032402038574219,
,,311,,,,,,,,,,,,4.3844146728515625,
,,312,,,,,,,,,,,,4.784915924072266,
,,313,,,,,,,,,,,,5.06658935546875,
,,314,,,,,,,,,,,,4.979774475097656,
,,315,,,,,,,,,,,,2.912280321121216,
3,,1407,,,,,,,,,0.12180127948522568,0.34476208686828613,4.793702125549316,,27.9481201171875
3,,1407,0.0784701555967331,,0.24325525760650635,,4.750088691711426,,39.342933654785156,,,,,,
,4.9805630189683106e-05,1408,,,,,,,,,,,,,
4,,1409,,0.10546875,,0.34765625,,4.219720840454102,,24.35546875,,,,,
4,,1419,,0.125,,0.3515625,,4.1635284423828125,,23.828125,,,,,
4,,1429,,0.1640625,,0.38671875,,4.057811737060547,,22.60546875,,,,,
4,,1439,,0.1015625,,0.30078125,,4.286956787109375,,26.12109375,,,,,
4,,1449,,0.125,,0.3515625,,4.127498626708984,,24.5703125,,,,,
4,,1459,,0.125,,0.328125,,4.275264739990234,,26.33203125,,,,,
4,,1469,,0.09375,,0.35546875,,4.053459167480469,,21.96875,,,,,
4,,1479,,0.09765625,,0.34765625,,4.267047882080078,,23.40234375,,,,,
4,,1489,,0.14453125,,0.40234375,,4.0247039794921875,,22.16796875,,,,,
4,,1499,,0.140625,,0.39453125,,3.892393112182617,,19.9921875,,,,,
4,,1509,,0.1328125,,0.41015625,,3.8702964782714844,,18.52734375,,,,,
4,,1519,,0.125,,0.39453125,,3.9822025299072266,,21.24609375,,,,,
4,,1529,,0.09765625,,0.375,,4.10783576965332,,22.49609375,,,,,
4,,1539,,0.10546875,,0.33203125,,3.9976539611816406,,21.7265625,,,,,
4,,1549,,0.18359375,,0.41015625,,3.8837814331054688,,20.3046875,,,,,
4,,1559,,0.12109375,,0.37109375,,4.131252288818359,,22.328125,,,,,
4,,1569,,0.11328125,,0.30859375,,4.285032272338867,,23.5859375,,,,,
4,,1579,,0.15234375,,0.375,,3.752094268798828,,20.328125,,,,,
4,,1589,,0.15625,,0.453125,,3.9515247344970703,,22.12890625,,,,,
4,,1599,,0.18359375,,0.39453125,,3.927490234375,,20.73828125,,,,,
4,,1609,,0.1796875,,0.515625,,3.525249481201172,,14.9140625,,,,,
4,,1619,,0.16796875,,0.42578125,,3.8353958129882812,,18.35546875,,,,,
4,,1629,,0.13671875,,0.421875,,3.884387969970703,,18.6171875,,,,,
4,,1639,,0.109375,,0.3984375,,4.005367279052734,,21.28125,,,,,
4,,1649,,0.125,,0.36328125,,4.090755462646484,,21.95703125,,,,,
4,,1659,,0.20703125,,0.4921875,,3.598968505859375,,15.26171875,,,,,
4,,1669,,0.203125,,0.4921875,,3.6147613525390625,,16.265625,,,,,
4,,1679,,0.1171875,,0.40625,,3.9293556213378906,,19.2421875,,,,,
4,,1689,,0.1640625,,0.4609375,,3.803346633911133,,19.0859375,,,,,
4,,1699,,0.15625,,0.42578125,,3.888967514038086,,19.83203125,,,,,
4,,1709,,0.21484375,,0.4609375,,3.712249755859375,,17.69921875,,,,,
4,,1719,,0.171875,,0.390625,,4.199804306030273,,22.98046875,,,,,
4,,1729,,0.203125,,0.48828125,,3.6595916748046875,,16.98828125,,,,,
4,,1739,,0.2109375,,0.44921875,,3.9101815223693848,,21.10546875,,,,,
4,,1749,,0.1796875,,0.42578125,,4.164011478424072,,24.7421875,,,,,
4,,1759,,0.7083333730697632,,0.8333333730697632,,5.440578460693359,,4.5416669845581055,,,,,
,,316,,,,,,,,,,,,4.5854034423828125,
,,317,,,,,,,,,,,,3.818815231323242,
,,318,,,,,,,,,,,,3.929708480834961,
,,319,,,,,,,,,,,,4.8358001708984375,
,,320,,,,,,,,,,,,4.090795516967773,
,,321,,,,,,,,,,,,3.9184322357177734,
,,322,,,,,,,,,,,,3.4541549682617188,
,,323,,,,,,,,,,,,3.401174545288086,
,,324,,,,,,,,,,,,3.9123096466064453,
,,325,,,,,,,,,,,,4.334629058837891,
,,326,,,,,,,,,,,,3.9048500061035156,
,,327,,,,,,,,,,,,4.863765716552734,
,,328,,,,,,,,,,,,4.106189727783203,
,,329,,,,,,,,,,,,3.407787322998047,
,,330,,,,,,,,,,,,4.25970458984375,
,,331,,,,,,,,,,,,3.467845916748047,
,,332,,,,,,,,,,,,3.6197242736816406,
,,333,,,,,,,,,,,,4.4580841064453125,
,,334,,,,,,,,,,,,3.6924591064453125,
,,335,,,,,,,,,,,,4.084175109863281,
,,336,,,,,,,,,,,,3.585613250732422,
,,337,,,,,,,,,,,,4.0735015869140625,
,,338,,,,,,,,,,,,3.4407958984375,
,,339,,,,,,,,,,,,4.0226898193359375,
,,340,,,,,,,,,,,,4.067150115966797,
,,341,,,,,,,,,,,,3.7492752075195312,
,,342,,,,,,,,,,,,4.36529541015625,
,,343,,,,,,,,,,,,4.364784240722656,
,,344,,,,,,,,,,,,4.127737045288086,
,,345,,,,,,,,,,,,3.6944446563720703,
,,346,,,,,,,,,,,,4.3048553466796875,
,,347,,,,,,,,,,,,3.8040847778320312,
,,348,,,,,,,,,,,,4.086452484130859,
,,349,,,,,,,,,,,,4.520685195922852,
,,350,,,,,,,,,,,,4.228519439697266,
,,351,,,,,,,,,,,,3.6072540283203125,
,,352,,,,,,,,,,,,3.8473129272460938,
,,353,,,,,,,,,,,,3.6509666442871094,
,,354,,,,,,,,,,,,3.878131866455078,
,,355,,,,,,,,,,,,4.117488861083984,
,,356,,,,,,,,,,,,3.9642677307128906,
,,357,,,,,,,,,,,,4.734896659851074,
,,358,,,,,,,,,,,,4.206474304199219,
,,359,,,,,,,,,,,,3.585796356201172,
,,360,,,,,,,,,,,,4.7710113525390625,
,,361,,,,,,,,,,,,3.9614791870117188,
,,362,,,,,,,,,,,,4.549394607543945,
,,363,,,,,,,,,,,,3.526409149169922,
,,364,,,,,,,,,,,,3.974620819091797,
,,365,,,,,,,,,,,,4.044898986816406,
,,366,,,,,,,,,,,,4.2697906494140625,
,,367,,,,,,,,,,,,3.6779441833496094,
,,368,,,,,,,,,,,,3.5137805938720703,
,,369,,,,,,,,,,,,4.192073822021484,
,,370,,,,,,,,,,,,4.326101303100586,
,,371,,,,,,,,,,,,4.627559661865234,
,,372,,,,,,,,,,,,4.85222053527832,
,,373,,,,,,,,,,,,4.246021270751953,
,,374,,,,,,,,,,,,3.5389633178710938,
,,375,,,,,,,,,,,,4.315160751342773,
,,376,,,,,,,,,,,,3.896923065185547,
,,377,,,,,,,,,,,,3.752838134765625,
,,378,,,,,,,,,,,,3.766101837158203,
,,379,,,,,,,,,,,,4.105281829833984,
,,380,,,,,,,,,,,,3.937335968017578,
,,381,,,,,,,,,,,,3.735147476196289,
,,382,,,,,,,,,,,,4.011554718017578,
,,383,,,,,,,,,,,,3.5404624938964844,
,,384,,,,,,,,,,,,4.32475471496582,
,,385,,,,,,,,,,,,4.19011116027832,
,,386,,,,,,,,,,,,3.694324493408203,
,,387,,,,,,,,,,,,4.264949798583984,
,,388,,,,,,,,,,,,3.490589141845703,
,,389,,,,,,,,,,,,4.07463264465332,
,,390,,,,,,,,,,,,4.752437591552734,
,,391,,,,,,,,,,,,4.004711151123047,
,,392,,,,,,,,,,,,3.9462890625,
,,393,,,,,,,,,,,,4.374725341796875,
,,394,,,,,,,,,,,,1.496331810951233,
4,,1759,,,,,,,,,0.1855257898569107,0.4450719654560089,4.026021480560303,,20.613304138183594
4,,1759,0.15255121886730194,,0.40231233835220337,,3.9654176235198975,,20.852054595947266,,,,,,
,0.0002703836772847324,1760,,,,,,,,,,,,,
5,,1769,,0.19140625,,0.4921875,,3.8144826889038086,,18.359375,,,,,
5,,1779,,0.2578125,,0.4921875,,3.4990272521972656,,16.15625,,,,,
5,,1789,,0.21484375,,0.5,,3.542470932006836,,15.4140625,,,,,
5,,1799,,0.21484375,,0.53125,,3.505626678466797,,16.05859375,,,,,
5,,1809,,0.19140625,,0.4609375,,3.810328483581543,,20.19140625,,,,,
5,,1819,,0.1640625,,0.34375,,4.182100296020508,,24.73828125,,,,,
5,,1829,,0.1953125,,0.453125,,3.81201171875,,21.33203125,,,,,
5,,1839,,0.19140625,,0.453125,,3.6687374114990234,,16.4140625,,,,,
5,,1849,,0.2109375,,0.515625,,3.7331457138061523,,19.3203125,,,,,
5,,1859,,0.19921875,,0.46875,,3.7973251342773438,,17.44921875,,,,,
5,,1869,,0.2578125,,0.52734375,,3.6451053619384766,,16.5,,,,,
5,,1879,,0.2265625,,0.52734375,,3.620457649230957,,17.67578125,,,,,
5,,1889,,0.2265625,,0.49609375,,3.8395233154296875,,18.97265625,,,,,
5,,1899,,0.22265625,,0.5078125,,3.5582752227783203,,15.39453125,,,,,
5,,1909,,0.2734375,,0.63671875,,3.020998954772949,,10.12890625,,,,,
5,,1919,,0.29296875,,0.5859375,,3.5120344161987305,,18.11328125,,,,,
5,,1929,,0.2734375,,0.53125,,3.2999534606933594,,13.6015625,,,,,
5,,1939,,0.26953125,,0.58203125,,3.103415012359619,,12.2578125,,,,,
5,,1949,,0.24609375,,0.45703125,,3.7022485733032227,,18.22265625,,,,,
5,,1959,,0.28125,,0.5625,,3.3822097778320312,,15.41796875,,,,,
5,,1969,,0.25390625,,0.5234375,,3.4112892150878906,,13.78515625,,,,,
5,,1979,,0.31640625,,0.57421875,,3.2297000885009766,,13.5,,,,,
5,,1989,,0.21484375,,0.5078125,,3.6468887329101562,,16.671875,,,,,
5,,1999,,0.1171875,,0.39453125,,4.217154502868652,,23.00390625,,,,,
5,,2009,,0.16015625,,0.359375,,4.43463659286499,,28.51171875,,,,,
5,,2019,,0.12890625,,0.3125,,4.407352447509766,,29.33984375,,,,,
5,,2029,,0.046875,,0.23046875,,4.939611434936523,,35.8125,,,,,
5,,2039,,0.140625,,0.37109375,,4.074592590332031,,20.21875,,,,,
5,,2049,,0.11328125,,0.30078125,,4.479248046875,,25.58203125,,,,,
5,,2059,,0.1484375,,0.41796875,,4.263611793518066,,26.79296875,,,,,
5,,2069,,0.19921875,,0.4453125,,3.8583621978759766,,18.97265625,,,,,
5,,2079,,0.20703125,,0.5,,3.5819168090820312,,16.30078125,,,,,
5,,2089,,0.1640625,,0.33984375,,4.42620849609375,,26.55859375,,,,,
5,,2099,,0.19921875,,0.4921875,,3.665922164916992,,15.71875,,,,,
5,,2109,,0.14453125,,0.41015625,,4.537065505981445,,26.203125,,,,,
,,395,,,,,,,,,,,,4.569395065307617,
,,396,,,,,,,,,,,,5.05274772644043,
,,397,,,,,,,,,,,,5.752133846282959,
,,398,,,,,,,,,,,,4.608196258544922,
,,399,,,,,,,,,,,,5.235329627990723,
,,400,,,,,,,,,,,,5.687156677246094,
,,401,,,,,,,,,,,,5.007388114929199,
,,402,,,,,,,,,,,,5.207121849060059,
,,403,,,,,,,,,,,,5.896720886230469,
,,404,,,,,,,,,,,,4.727019309997559,
,,405,,,,,,,,,,,,4.737071514129639,
,,406,,,,,,,,,,,,5.34716796875,
,,407,,,,,,,,,,,,5.713156700134277,
,,408,,,,,,,,,,,,5.5301618576049805,
,,409,,,,,,,,,,,,5.256863117218018,
,,410,,,,,,,,,,,,5.714750289916992,
,,411,,,,,,,,,,,,5.736064910888672,
,,412,,,,,,,,,,,,6.092559814453125,
,,413,,,,,,,,,,,,5.399179458618164,
,,414,,,,,,,,,,,,5.024682998657227,
,,415,,,,,,,,,,,,5.455771446228027,
,,416,,,,,,,,,,,,5.553646087646484,
,,417,,,,,,,,,,,,5.274380683898926,
,,418,,,,,,,,,,,,5.870100975036621,
,,419,,,,,,,,,,,,4.74424934387207,
,,420,,,,,,,,,,,,5.649738311767578,
,,421,,,,,,,,,,,,5.413267135620117,
,,422,,,,,,,,,,,,5.683228015899658,
,,423,,,,,,,,,,,,5.401725769042969,
,,424,,,,,,,,,,,,4.9275126457214355,
,,425,,,,,,,,,,,,4.969882965087891,
,,426,,,,,,,,,,,,5.638561248779297,
,,427,,,,,,,,,,,,5.318183898925781,
,,428,,,,,,,,,,,,5.7213897705078125,
,,429,,,,,,,,,,,,5.1275529861450195,
,,430,,,,,,,,,,,,5.169134140014648,
,,431,,,,,,,,,,,,4.717531204223633,
,,432,,,,,,,,,,,,5.298835754394531,
,,433,,,,,,,,,,,,5.460801124572754,
,,434,,,,,,,,,,,,5.288097381591797,
,,435,,,,,,,,,,,,5.089075088500977,
,,436,,,,,,,,,,,,5.145994663238525,
,,437,,,,,,,,,,,,5.277887344360352,
,,438,,,,,,,,,,,,5.6358137130737305,
,,439,,,,,,,,,,,,4.821457386016846,
,,440,,,,,,,,,,,,4.365364074707031,
,,441,,,,,,,,,,,,5.046054840087891,
,,442,,,,,,,,,,,,5.857044696807861,
,,443,,,,,,,,,,,,4.531702995300293,
,,444,,,,,,,,,,,,6.648550033569336,
,,445,,,,,,,,,,,,5.289142608642578,
,,446,,,,,,,,,,,,4.725539207458496,
,,447,,,,,,,,,,,,4.7094645500183105,
,,448,,,,,,,,,,,,5.708095550537109,
,,449,,,,,,,,,,,,4.970393180847168,
,,450,,,,,,,,,,,,4.682055473327637,
,,451,,,,,,,,,,,,5.639272689819336,
,,452,,,,,,,,,,,,6.091762542724609,
,,453,,,,,,,,,,,,5.022858619689941,
,,454,,,,,,,,,,,,5.387383460998535,
,,455,,,,,,,,,,,,5.214269638061523,
,,456,,,,,,,,,,,,6.341841697692871,
,,457,,,,,,,,,,,,5.020969867706299,
,,458,,,,,,,,,,,,6.470620155334473,
,,459,,,,,,,,,,,,4.9647016525268555,
,,460,,,,,,,,,,,,5.16230583190918,
,,461,,,,,,,,,,,,5.45706844329834,
,,462,,,,,,,,,,,,5.275906562805176,
,,463,,,,,,,,,,,,5.332250595092773,
,,464,,,,,,,,,,,,4.781795501708984,
,,465,,,,,,,,,,,,5.38283634185791,
,,466,,,,,,,,,,,,5.564306259155273,
,,467,,,,,,,,,,,,5.607569694519043,
,,468,,,,,,,,,,,,4.635646820068359,
,,469,,,,,,,,,,,,5.210440635681152,
,,470,,,,,,,,,,,,5.195600509643555,
,,471,,,,,,,,,,,,5.357032775878906,
,,472,,,,,,,,,,,,5.2967987060546875,
,,473,,,,,,,,,,,,2.7293262481689453,
5,,2111,,,,,,,,,0.16933226585388184,0.3887445032596588,5.301197528839111,,31.5455322265625
5,,2111,0.19791434705257416,,0.46167051792144775,,3.7942185401916504,,19.180696487426758,,,,,,
,0.00044179841519788646,2112,,,,,,,,,,,,,
6,,2119,,0.13671875,,0.421875,,3.9692745208740234,,17.96484375,,,,,
6,,2129,,0.1484375,,0.3984375,,4.413684844970703,,23.73046875,,,,,
6,,2139,,0.26171875,,0.53125,,3.503441333770752,,15.83984375,,,,,
6,,2149,,0.29296875,,0.6171875,,3.337705612182617,,16.36328125,,,,,
6,,2159,,0.171875,,0.421875,,3.7827630043029785,,17.04296875,,,,,
6,,2169,,0.25,,0.51953125,,3.5193138122558594,,16.89453125,,,,,
6,,2179,,0.26953125,,0.6015625,,3.2354016304016113,,13.94140625,,,,,
6,,2189,,0.2578125,,0.55859375,,3.5390806198120117,,14.5234375,,,,,
6,,2199,,0.1953125,,0.4375,,3.6032967567443848,,17.5,,,,,
6,,2209,,0.2265625,,0.48046875,,3.833432674407959,,19.31640625,,,,,
6,,2219,,0.29296875,,0.5390625,,3.668180465698242,,17.8671875,,,,,
6,,2229,,0.23828125,,0.56640625,,3.1581859588623047,,11.99609375,,,,,
6,,2239,,0.23828125,,0.50390625,,3.303372859954834,,13.1015625,,,,,
6,,2249,,0.22265625,,0.52734375,,3.1391518115997314,,11.3203125,,,,,
6,,2259,,0.22265625,,0.5703125,,3.301065444946289,,12.03125,,,,,
6,,2269,,0.33984375,,0.66796875,,2.6252670288085938,,7.4765625,,,,,
6,,2279,,0.234375,,0.5859375,,3.134831428527832,,12.20703125,,,,,
6,,2289,,0.3203125,,0.62109375,,2.79945707321167,,8.6640625,,,,,
6,,2299,,0.30078125,,0.58203125,,3.102907180786133,,11.2109375,,,,,
6,,2309,,0.32421875,,0.6328125,,2.835148811340332,,10.5078125,,,,,
6,,2319,,0.3515625,,0.6953125,,2.5394411087036133,,7.453125,,,,,
6,,2329,,0.42578125,,0.6953125,,2.4352967739105225,,7.04296875,,,,,
6,,2339,,0.359375,,0.61328125,,2.911407947540283,,11.4765625,,,,,
6,,2349,,0.23828125,,0.58203125,,2.842348575592041,,8.7109375,,,,,
6,,2359,,0.390625,,0.67578125,,2.34726619720459,,5.80078125,,,,,
6,,2369,,0.3828125,,0.67578125,,2.592902660369873,,8.6796875,,,,,
6,,2379,,0.25,,0.58984375,,2.9881772994995117,,10.2578125,,,,,
6,,2389,,0.3359375,,0.6328125,,2.9703288078308105,,10.31640625,,,,,
6,,2399,,0.390625,,0.67578125,,2.6178951263427734,,9.04296875,,,,,
6,,2409,,0.41796875,,0.7109375,,2.4518043994903564,,7.6796875,,,,,
6,,2419,,0.34765625,,0.70703125,,2.5378336906433105,,7.8984375,,,,,
6,,2429,,0.390625,,0.60546875,,2.7010867595672607,,8.796875,,,,,
6,,2439,,0.3671875,,0.69921875,,2.4340972900390625,,6.4765625,,,,,
6,,2449,,0.40234375,,0.65234375,,2.5809144973754883,,7.61328125,,,,,
6,,2459,,0.375,,0.70703125,,2.2942166328430176,,5.484375,,,,,
,,474,,,,,,,,,,,,2.6131129264831543,
,,475,,,,,,,,,,,,2.4653587341308594,
,,476,,,,,,,,,,,,2.2814767360687256,
,,477,,,,,,,,,,,,2.3742146492004395,
,,478,,,,,,,,,,,,2.6459708213806152,
,,479,,,,,,,,,,,,2.2963790893554688,
,,480,,,,,,,,,,,,2.884075164794922,
,,481,,,,,,,,,,,,2.8888449668884277,
,,482,,,,,,,,,,,,2.5166125297546387,
,,483,,,,,,,,,,,,2.876208782196045,
,,484,,,,,,,,,,,,2.639348030090332,
,,485,,,,,,,,,,,,2.9018707275390625,
,,486,,,,,,,,,,,,2.8828344345092773,
,,487,,,,,,,,,,,,2.70357608795166,
,,488,,,,,,,,,,,,2.647172689437866,
,,489,,,,,,,,,,,,2.6267571449279785,
,,490,,,,,,,,,,,,2.5432257652282715,
,,491,,,,,,,,,,,,2.587392807006836,
,,492,,,,,,,,,,,,2.3562302589416504,
,,493,,,,,,,,,,,,2.6400134563446045,
,,494,,,,,,,,,,,,2.643095016479492,
,,495,,,,,,,,,,,,2.552323818206787,
,,496,,,,,,,,,,,,2.595548629760742,
,,497,,,,,,,,,,,,2.3366239070892334,
,,498,,,,,,,,,,,,2.5882320404052734,
,,499,,,,,,,,,,,,2.8051085472106934,
,,500,,,,,,,,,,,,2.614952325820923,
,,501,,,,,,,,,,,,2.8955674171447754,
,,502,,,,,,,,,,,,2.72721004486084,
,,503,,,,,,,,,,,,2.720399856567383,
,,504,,,,,,,,,,,,2.5151827335357666,
,,505,,,,,,,,,,,,2.2299225330352783,
,,506,,,,,,,,,,,,2.5646438598632812,
,,507,,,,,,,,,,,,2.6052145957946777,
,,508,,,,,,,,,,,,2.7927112579345703,
,,509,,,,,,,,,,,,2.521890878677368,
,,510,,,,,,,,,,,,2.481558322906494,
,,511,,,,,,,,,,,,2.3498218059539795,
,,512,,,,,,,,,,,,2.555436611175537,
,,513,,,,,,,,,,,,2.7426462173461914,
,,514,,,,,,,,,,,,2.246279001235962,
,,515,,,,,,,,,,,,2.6081900596618652,
,,516,,,,,,,,,,,,2.4352526664733887,
,,517,,,,,,,,,,,,2.655012607574463,
,,518,,,,,,,,,,,,2.4641976356506348,
,,519,,,,,,,,,,,,2.6428632736206055,
,,520,,,,,,,,,,,,2.523668050765991,
,,521,,,,,,,,,,,,2.474221706390381,
,,522,,,,,,,,,,,,2.4493417739868164,
,,523,,,,,,,,,,,,2.546337366104126,
,,524,,,,,,,,,,,,2.2816848754882812,
,,525,,,,,,,,,,,,2.3900554180145264,
,,526,,,,,,,,,,,,2.532935380935669,
,,527,,,,,,,,,,,,2.2903695106506348,
,,528,,,,,,,,,,,,2.8959922790527344,
,,529,,,,,,,,,,,,2.483274459838867,
,,530,,,,,,,,,,,,2.4911561012268066,
,,531,,,,,,,,,,,,2.6389918327331543,
,,532,,,,,,,,,,,,2.5595712661743164,
,,533,,,,,,,,,,,,2.69014835357666,
,,534,,,,,,,,,,,,2.7697677612304688,
,,535,,,,,,,,,,,,2.7976269721984863,
,,536,,,,,,,,,,,,2.6461236476898193,
,,537,,,,,,,,,,,,2.685638666152954,
,,538,,,,,,,,,,,,2.6009912490844727,
,,539,,,,,,,,,,,,2.5533156394958496,
,,540,,,,,,,,,,,,2.73934268951416,
,,541,,,,,,,,,,,,2.8048062324523926,
,,542,,,,,,,,,,,,2.6931846141815186,
,,543,,,,,,,,,,,,2.388385057449341,
,,544,,,,,,,,,,,,2.7969980239868164,
,,545,,,,,,,,,,,,2.6684141159057617,
,,546,,,,,,,,,,,,2.4614434242248535,
,,547,,,,,,,,,,,,2.515009641647339,
,,548,,,,,,,,,,,,2.159149646759033,
,,549,,,,,,,,,,,,2.706477403640747,
,,550,,,,,,,,,,,,2.535297393798828,
,,551,,,,,,,,,,,,2.3827760219573975,
,,552,,,,,,,,,,,,0.6029530763626099,
6,,2463,,,,,,,,,0.390993595123291,0.6832267045974731,2.5782618522644043,,8.123900413513184
6,,2463,0.29521313309669495,,0.5867483019828796,,3.083360195159912,,11.988454818725586,,,,,,
,1.6240916167289826e-05,2464,,,,,,,,,,,,,
7,,2469,,0.33984375,,0.66796875,,2.5357890129089355,,7.51171875,,,,,
7,,2479,,0.33984375,,0.69921875,,2.468780279159546,,6.6875,,,,,
7,,2489,,0.35546875,,0.69921875,,2.496096611022949,,6.8984375,,,,,
7,,2499,,0.3828125,,0.6953125,,2.633838653564453,,9.2109375,,,,,
7,,2509,,0.4140625,,0.72265625,,2.367142915725708,,6.06640625,,,,,
7,,2519,,0.37890625,,0.6796875,,2.6777045726776123,,9.0703125,,,,,
7,,2529,,0.30078125,,0.66015625,,2.589205026626587,,6.74609375,,,,,
7,,2539,,0.34375,,0.68359375,,2.5018606185913086,,6.23828125,,,,,
7,,2549,,0.34765625,,0.6171875,,2.6717896461486816,,7.96875,,,,,
7,,2559,,0.3515625,,0.66796875,,2.7477612495422363,,8.91796875,,,,,
7,,2569,,0.36328125,,0.65625,,2.553549289703369,,7.46875,,,,,
7,,2579,,0.41796875,,0.7109375,,2.3527212142944336,,6.4609375,,,,,
7,,2589,,0.43359375,,0.69921875,,2.3812239170074463,,6.58984375,,,,,
7,,2599,,0.37890625,,0.68359375,,2.561845302581787,,7.6171875,,,,,
7,,2609,,0.37890625,,0.71875,,2.3529486656188965,,6.09375,,,,,
7,,2619,,0.3515625,,0.64453125,,2.789639472961426,,9.4453125,,,,,
7,,2629,,0.37890625,,0.6640625,,2.590506076812744,,8.203125,,,,,
7,,2639,,0.33203125,,0.6875,,2.6493935585021973,,9.78125,,,,,
7,,2649,,0.359375,,0.66015625,,2.572244167327881,,7.47265625,,,,,
7,,2659,,0.4375,,0.69140625,,2.5578808784484863,,8.78515625,,,,,
7,,2669,,0.4140625,,0.703125,,2.502765655517578,,7.54296875,,,,,
7,,2679,,0.4140625,,0.73046875,,2.2669925689697266,,5.47265625,,,,,
7,,2689,,0.40234375,,0.671875,,2.4887053966522217,,7.140625,,,,,
7,,2699,,0.4140625,,0.6875,,2.4659249782562256,,8.203125,,,,,
7,,2709,,0.40625,,0.6953125,,2.477778911590576,,7.28515625,,,,,
7,,2719,,0.38671875,,0.67578125,,2.508678913116455,,7.7890625,,,,,
7,,2729,,0.39453125,,0.64453125,,2.489107608795166,,6.76953125,,,,,
7,,2739,,0.42578125,,0.734375,,2.417667865753174,,7.68359375,,,,,
7,,2749,,0.37109375,,0.73828125,,2.4362971782684326,,7.33203125,,,,,
7,,2759,,0.38671875,,0.703125,,2.4053354263305664,,6.22265625,,,,,
7,,2769,,0.40625,,0.73046875,,2.3245649337768555,,5.76171875,,,,,
7,,2779,,0.4453125,,0.69140625,,2.310145139694214,,5.921875,,,,,
7,,2789,,0.42578125,,0.75,,2.3477542400360107,,7.359375,,,,,
7,,2799,,0.38671875,,0.7109375,,2.4606072902679443,,6.5625,,,,,
7,,2809,,0.4765625,,0.7734375,,2.149918794631958,,6.046875,,,,,
,,553,,,,,,,,,,,,2.829376697540283,
,,554,,,,,,,,,,,,2.42826771736145,
,,555,,,,,,,,,,,,2.4948549270629883,
,,556,,,,,,,,,,,,2.7108235359191895,
,,557,,,,,,,,,,,,2.288163423538208,
,,558,,,,,,,,,,,,2.9731624126434326,
,,559,,,,,,,,,,,,3.2178025245666504,
,,560,,,,,,,,,,,,2.6049022674560547,
,,561,,,,,,,,,,,,3.1240837574005127,
,,562,,,,,,,,,,,,2.721677541732788,
,,563,,,,,,,,,,,,3.0360655784606934,
,,564,,,,,,,,,,,,2.9011483192443848,
,,565,,,,,,,,,,,,2.720031499862671,
,,566,,,,,,,,,,,,2.5155279636383057,
,,567,,,,,,,,,,,,2.5782573223114014,
,,568,,,,,,,,,,,,2.6153171062469482,
,,569,,,,,,,,,,,,3.0734481811523438,
,,570,,,,,,,,,,,,2.7714896202087402,
,,571,,,,,,,,,,,,2.466806411743164,
,,572,,,,,,,,,,,,2.8408398628234863,
,,573,,,,,,,,,,,,2.7650504112243652,
,,574,,,,,,,,,,,,2.581740617752075,
,,575,,,,,,,,,,,,2.722641944885254,
,,576,,,,,,,,,,,,2.6915929317474365,
,,577,,,,,,,,,,,,2.9204232692718506,
,,578,,,,,,,,,,,,2.5742859840393066,
,,579,,,,,,,,,,,,2.926053047180176,
,,580,,,,,,,,,,,,2.7997045516967773,
,,581,,,,,,,,,,,,2.7559456825256348,
,,582,,,,,,,,,,,,2.621452808380127,
,,583,,,,,,,,,,,,2.834578275680542,
,,584,,,,,,,,,,,,2.2397446632385254,
,,585,,,,,,,,,,,,2.7593653202056885,
,,586,,,,,,,,,,,,2.7500455379486084,
,,587,,,,,,,,,,,,2.587778091430664,
,,588,,,,,,,,,,,,3.261331081390381,
,,589,,,,,,,,,,,,2.496562957763672,
,,590,,,,,,,,,,,,2.843223810195923,
,,591,,,,,,,,,,,,2.8290281295776367,
,,592,,,,,,,,,,,,2.565059185028076,
,,593,,,,,,,,,,,,2.713634967803955,
,,594,,,,,,,,,,,,2.6556882858276367,
,,595,,,,,,,,,,,,2.849421977996826,
,,596,,,,,,,,,,,,2.525841236114502,
,,597,,,,,,,,,,,,2.6529362201690674,
,,598,,,,,,,,,,,,2.676037073135376,
,,599,,,,,,,,,,,,2.5922322273254395,
,,600,,,,,,,,,,,,2.8455591201782227,
,,601,,,,,,,,,,,,2.591552257537842,
,,602,,,,,,,,,,,,2.852973461151123,
,,603,,,,,,,,,,,,2.8113393783569336,
,,604,,,,,,,,,,,,2.5085501670837402,
,,605,,,,,,,,,,,,2.7088747024536133,
,,606,,,,,,,,,,,,3.5031673908233643,
,,607,,,,,,,,,,,,2.9472110271453857,
,,608,,,,,,,,,,,,2.4188270568847656,
,,609,,,,,,,,,,,,2.939512014389038,
,,610,,,,,,,,,,,,2.570443630218506,
,,611,,,,,,,,,,,,2.9339306354522705,
,,612,,,,,,,,,,,,2.5566775798797607,
,,613,,,,,,,,,,,,2.8818511962890625,
,,614,,,,,,,,,,,,3.2087948322296143,
,,615,,,,,,,,,,,,2.428666114807129,
,,616,,,,,,,,,,,,2.63751220703125,
,,617,,,,,,,,,,,,2.703787326812744,
,,618,,,,,,,,,,,,3.210742473602295,
,,619,,,,,,,,,,,,2.5024704933166504,
,,620,,,,,,,,,,,,2.2286064624786377,
,,621,,,,,,,,,,,,2.762178659439087,
,,622,,,,,,,,,,,,2.3063406944274902,
,,623,,,,,,,,,,,,2.9198415279388428,
,,624,,,,,,,,,,,,3.023998260498047,
,,625,,,,,,,,,,,,2.658405065536499,
,,626,,,,,,,,,,,,2.786604881286621,
,,627,,,,,,,,,,,,2.6434266567230225,
,,628,,,,,,,,,,,,2.416262149810791,
,,629,,,,,,,,,,,,2.904305934906006,
,,630,,,,,,,,,,,,2.3530306816101074,
,,631,,,,,,,,,,,,1.5782854557037354,
7,,2815,,,,,,,,,0.380647748708725,0.6741803288459778,2.726787805557251,,9.369552612304688
7,,2815,0.388117253780365,,0.6867860555648804,,2.535689353942871,,7.944180965423584,,,,,,
,0.0003537120767499118,2816,,,,,,,,,,,,,
8,,2819,,0.4296875,,0.69921875,,2.397477626800537,,7.78125,,,,,
8,,2829,,0.375,,0.71875,,2.7815284729003906,,11.2890625,,,,,
8,,2839,,0.40625,,0.69921875,,2.4753994941711426,,7.58984375,,,,,
8,,2849,,0.4609375,,0.703125,,2.3877243995666504,,7.1796875,,,,,
8,,2859,,0.453125,,0.73828125,,2.2179760932922363,,5.7578125,,,,,
8,,2869,,0.45703125,,0.703125,,2.452364921569824,,9.2109375,,,,,
8,,2879,,0.390625,,0.703125,,2.328129768371582,,6.0625,,,,,
8,,2889,,0.3828125,,0.72265625,,2.4915623664855957,,9.2265625,,,,,
8,,2899,,0.3671875,,0.65625,,2.561040163040161,,7.69140625,,,,,
8,,2909,,0.46484375,,0.79296875,,2.2131972312927246,,7.08203125,,,,,
8,,2919,,0.44140625,,0.69140625,,2.313724994659424,,7.89453125,,,,,
8,,2929,,0.515625,,0.76953125,,2.2592039108276367,,8.4765625,,,,,
8,,2939,,0.515625,,0.82421875,,1.929202914237976,,4.796875,,,,,
8,,2949,,0.46875,,0.72265625,,2.1912894248962402,,5.7265625,,,,,
8,,2959,,0.48828125,,0.76953125,,2.1309072971343994,,5.2421875,,,,,
8,,2969,,0.45703125,,0.69140625,,2.3145787715911865,,7.33203125,,,,,
8,,2979,,0.4765625,,0.7578125,,2.1717135906219482,,6.44140625,,,,,
8,,2989,,0.5,,0.78515625,,2.02805495262146,,5.046875,,,,,
8,,2999,,0.484375,,0.796875,,1.9101063013076782,,4.40234375,,,,,
8,,3009,,0.4765625,,0.7734375,,2.172358274459839,,5.84765625,,,,,
8,,3019,,0.4921875,,0.7890625,,2.0456442832946777,,5.09765625,,,,,
8,,3029,,0.4296875,,0.7734375,,2.1597018241882324,,5.6015625,,,,,
8,,3039,,0.53515625,,0.765625,,2.0170209407806396,,5.984375,,,,,
8,,3049,,0.48046875,,0.7734375,,2.099090576171875,,5.66015625,,,,,
8,,3059,,0.51171875,,0.765625,,2.178311824798584,,6.71484375,,,,,
8,,3069,,0.4765625,,0.8203125,,1.9387164115905762,,4.828125,,,,,
8,,3079,,0.4609375,,0.73046875,,2.2729909420013428,,6.49609375,,,,,
8,,3089,,0.48046875,,0.76953125,,2.1433157920837402,,5.74609375,,,,,
8,,3099,,0.48828125,,0.77734375,,1.9182984828948975,,4.703125,,,,,
8,,3109,,0.5,,0.77734375,,2.0238285064697266,,5.75,,,,,
8,,3119,,0.4765625,,0.73046875,,2.1773934364318848,,5.9921875,,,,,
8,,3129,,0.48046875,,0.796875,,2.0022130012512207,,5.609375,,,,,
8,,3139,,0.62109375,,0.84375,,1.6665475368499756,,3.6484375,,,,,
8,,3149,,0.5859375,,0.85546875,,1.6540861129760742,,3.66796875,,,,,
8,,3159,,0.48828125,,0.72265625,,2.1912126541137695,,6.42578125,,,,,
,,632,,,,,,,,,,,,2.8067288398742676,
,,633,,,,,,,,,,,,2.401533603668213,
,,634,,,,,,,,,,,,1.8891921043395996,
,,635,,,,,,,,,,,,2.140285015106201,
,,636,,,,,,,,,,,,2.5364983081817627,
,,637,,,,,,,,,,,,2.4089155197143555,
,,638,,,,,,,,,,,,2.6292781829833984,
,,639,,,,,,,,,,,,1.975113034248352,
,,640,,,,,,,,,,,,2.3168442249298096,
,,641,,,,,,,,,,,,2.2799339294433594,
,,642,,,,,,,,,,,,2.514241933822632,
,,643,,,,,,,,,,,,2.459913969039917,
,,644,,,,,,,,,,,,2.1807031631469727,
,,645,,,,,,,,,,,,2.5458567142486572,
,,646,,,,,,,,,,,,2.173752546310425,
,,647,,,,,,,,,,,,2.6834747791290283,
,,648,,,,,,,,,,,,2.2030341625213623,
,,649,,,,,,,,,,,,2.7736854553222656,
,,650,,,,,,,,,,,,2.62245512008667,
,,651,,,,,,,,,,,,2.1666994094848633,
,,652,,,,,,,,,,,,1.9864181280136108,
,,653,,,,,,,,,,,,2.149296760559082,
,,654,,,,,,,,,,,,2.2366929054260254,
,,655,,,,,,,,,,,,2.195502281188965,
,,656,,,,,,,,,,,,2.259401559829712,
,,657,,,,,,,,,,,,2.058720588684082,
,,658,,,,,,,,,,,,1.9326183795928955,
,,659,,,,,,,,,,,,2.465956449508667,
,,660,,,,,,,,,,,,1.9779683351516724,
,,661,,,,,,,,,,,,2.24112606048584,
,,662,,,,,,,,,,,,2.392045497894287,
,,663,,,,,,,,,,,,2.1226062774658203,
,,664,,,,,,,,,,,,2.1170880794525146,
,,665,,,,,,,,,,,,2.1440176963806152,
,,666,,,,,,,,,,,,2.514552593231201,
,,667,,,,,,,,,,,,2.681164264678955,
,,668,,,,,,,,,,,,2.1632018089294434,
,,669,,,,,,,,,,,,2.3236947059631348,
,,670,,,,,,,,,,,,2.3630666732788086,
,,671,,,,,,,,,,,,2.3205766677856445,
,,672,,,,,,,,,,,,2.2893176078796387,
,,673,,,,,,,,,,,,2.1966781616210938,
,,674,,,,,,,,,,,,2.3386969566345215,
,,675,,,,,,,,,,,,2.137586832046509,
,,676,,,,,,,,,,,,1.9944262504577637,
,,677,,,,,,,,,,,,2.26910400390625,
,,678,,,,,,,,,,,,2.2540578842163086,
,,679,,,,,,,,,,,,2.5540289878845215,
,,680,,,,,,,,,,,,2.202732563018799,
,,681,,,,,,,,,,,,2.5929763317108154,
,,682,,,,,,,,,,,,2.3400650024414062,
,,683,,,,,,,,,,,,2.235044479370117,
,,684,,,,,,,,,,,,2.2326736450195312,
,,685,,,,,,,,,,,,2.2011876106262207,
,,686,,,,,,,,,,,,2.4162282943725586,
,,687,,,,,,,,,,,,2.138392448425293,
,,688,,,,,,,,,,,,2.520707607269287,
,,689,,,,,,,,,,,,2.0110678672790527,
,,690,,,,,,,,,,,,2.497495412826538,
,,691,,,,,,,,,,,,2.1119394302368164,
,,692,,,,,,,,,,,,2.2290470600128174,
,,693,,,,,,,,,,,,2.511277198791504,
,,694,,,,,,,,,,,,2.2822742462158203,
,,695,,,,,,,,,,,,2.3608222007751465,
,,696,,,,,,,,,,,,2.5077104568481445,
,,697,,,,,,,,,,,,2.3098950386047363,
,,698,,,,,,,,,,,,1.9814196825027466,
,,699,,,,,,,,,,,,2.489692211151123,
,,700,,,,,,,,,,,,2.4938406944274902,
,,701,,,,,,,,,,,,2.2834055423736572,
,,702,,,,,,,,,,,,2.4589343070983887,
,,703,,,,,,,,,,,,2.2206642627716064,
,,704,,,,,,,,,,,,2.208073616027832,
,,705,,,,,,,,,,,,2.030229091644287,
,,706,,,,,,,,,,,,2.3158645629882812,
,,707,,,,,,,,,,,,2.089315891265869,
,,708,,,,,,,,,,,,2.1339526176452637,
,,709,,,,,,,,,,,,2.354874849319458,
,,710,,,,,,,,,,,,0.37256330251693726,
8,,3167,,,,,,,,,0.4886545240879059,0.7405037879943848,2.2929418087005615,,7.423030853271484
8,,3167,0.4645317494869232,,0.7486832737922668,,2.198448419570923,,6.368366241455078,,,,,,
,0.0003757181986793991,3168,,,,,,,,,,,,,
9,,3169,,0.4921875,,0.796875,,1.843157172203064,,3.59375,,,,,
9,,3179,,0.48046875,,0.78515625,,1.9845964908599854,,5.71484375,,,,,
9,,3189,,0.5234375,,0.82421875,,1.930237054824829,,5.81640625,,,,,
9,,3199,,0.5546875,,0.796875,,1.934828281402588,,5.76953125,,,,,
9,,3209,,0.52734375,,0.80859375,,1.8411955833435059,,4.09765625,,,,,
9,,3219,,0.49609375,,0.7890625,,2.045292377471924,,7.0078125,,,,,
9,,3229,,0.5234375,,0.765625,,2.0221362113952637,,6.7265625,,,,,
9,,3239,,0.52734375,,0.76953125,,1.9719241857528687,,5.58984375,,,,,
9,,3249,,0.578125,,0.7890625,,1.9366674423217773,,5.92578125,,,,,
9,,3259,,0.5390625,,0.77734375,,1.9866360425949097,,5.7265625,,,,,
9,,3269,,0.53125,,0.828125,,1.8175283670425415,,5.09765625,,,,,
9,,3279,,0.5625,,0.80859375,,1.951979637145996,,7.07421875,,,,,
9,,3289,,0.55078125,,0.7890625,,1.9814809560775757,,6.203125,,,,,
9,,3299,,0.60546875,,0.8671875,,1.587934970855713,,4.640625,,,,,
9,,3309,,0.54296875,,0.828125,,1.7895795106887817,,4.73828125,,,,,
9,,3319,,0.63671875,,0.87109375,,1.4616265296936035,,3.078125,,,,,
9,,3329,,0.60546875,,0.84765625,,1.6341021060943604,,4.1640625,,,,,
9,,3339,,0.5625,,0.875,,1.5284615755081177,,3.26953125,,,,,
9,,3349,,0.5703125,,0.8359375,,1.5375096797943115,,3.16796875,,,,,
9,,3359,,0.5390625,,0.8125,,1.7001473903656006,,3.859375,,,,,
9,,3369,,0.6171875,,0.85546875,,1.6958258152008057,,5.37890625,,,,,
9,,3379,,0.58203125,,0.8359375,,1.6368457078933716,,3.81640625,,,,,
9,,3389,,0.65625,,0.8984375,,1.3301417827606201,,2.72265625,,,,,
9,,3399,,0.61328125,,0.859375,,1.4777910709381104,,3.3515625,,,,,
9,,3409,,0.609375,,0.84765625,,1.5480509996414185,,4.1484375,,,,,
9,,3419,,0.61328125,,0.8828125,,1.4744192361831665,,2.8828125,,,,,
9,,3429,,0.5625,,0.796875,,1.698409914970398,,4.296875,,,,,
9,,3439,,0.5625,,0.80078125,,1.8757407665252686,,5.25390625,,,,,
9,,3449,,0.56640625,,0.83203125,,1.6268963813781738,,3.85546875,,,,,
9,,3459,,0.65625,,0.87109375,,1.3423364162445068,,2.85546875,,,,,
9,,3469,,0.546875,,0.84375,,1.6153395175933838,,3.65234375,,,,,
9,,3479,,0.640625,,0.8671875,,1.4862803220748901,,3.94921875,,,,,
9,,3489,,0.55078125,,0.83984375,,1.6389689445495605,,3.43359375,,,,,
9,,3499,,0.51953125,,0.79296875,,1.824655532836914,,4.29296875,,,,,
9,,3509,,0.671875,,0.85546875,,1.434680461883545,,3.60546875,,,,,
9,,3519,,0.5416666865348816,,0.9166666865348816,,1.8903287649154663,,2.3333334922790527,,,,,
,,711,,,,,,,,,,,,2.0102458000183105,
,,712,,,,,,,,,,,,1.8593735694885254,
,,713,,,,,,,,,,,,1.5821667909622192,
,,714,,,,,,,,,,,,1.6395370960235596,
,,715,,,,,,,,,,,,1.7361536026000977,
,,716,,,,,,,,,,,,1.8102853298187256,
,,717,,,,,,,,,,,,2.2354326248168945,
,,718,,,,,,,,,,,,2.0486438274383545,
,,719,,,,,,,,,,,,1.6068882942199707,
,,720,,,,,,,,,,,,1.7943222522735596,
,,721,,,,,,,,,,,,1.5243043899536133,
,,722,,,,,,,,,,,,1.6550977230072021,
,,723,,,,,,,,,,,,1.676369309425354,
,,724,,,,,,,,,,,,1.725063443183899,
,,725,,,,,,,,,,,,1.8128862380981445,
,,726,,,,,,,,,,,,1.9292914867401123,
,,727,,,,,,,,,,,,2.1073975563049316,
,,728,,,,,,,,,,,,1.7751424312591553,
,,729,,,,,,,,,,,,1.701920986175537,
,,730,,,,,,,,,,,,2.000072956085205,
,,731,,,,,,,,,,,,1.8374696969985962,
,,732,,,,,,,,,,,,2.033125400543213,
,,733,,,,,,,,,,,,1.8609206676483154,
,,734,,,,,,,,,,,,1.5803942680358887,
,,735,,,,,,,,,,,,1.881316065788269,
,,736,,,,,,,,,,,,1.8633763790130615,
,,737,,,,,,,,,,,,1.7079346179962158,
,,738,,,,,,,,,,,,1.8101271390914917,
,,739,,,,,,,,,,,,1.8179373741149902,
,,740,,,,,,,,,,,,1.9469692707061768,
,,741,,,,,,,,,,,,1.5108318328857422,
,,742,,,,,,,,,,,,1.6506149768829346,
,,743,,,,,,,,,,,,2.0213088989257812,
,,744,,,,,,,,,,,,1.5039823055267334,
,,745,,,,,,,,,,,,1.6854546070098877,
,,746,,,,,,,,,,,,1.734968900680542,
,,747,,,,,,,,,,,,1.9123536348342896,
,,748,,,,,,,,,,,,2.2108347415924072,
,,749,,,,,,,,,,,,1.7923892736434937,
,,750,,,,,,,,,,,,1.734795093536377,
,,751,,,,,,,,,,,,1.8978455066680908,
,,752,,,,,,,,,,,,1.923991084098816,
,,753,,,,,,,,,,,,1.7746078968048096,
,,754,,,,,,,,,,,,1.9899624586105347,
,,755,,,,,,,,,,,,1.6375066041946411,
,,756,,,,,,,,,,,,1.957503080368042,
,,757,,,,,,,,,,,,1.9611964225769043,
,,758,,,,,,,,,,,,1.5487185716629028,
,,759,,,,,,,,,,,,1.9217510223388672,
,,760,,,,,,,,,,,,2.0460658073425293,
,,761,,,,,,,,,,,,1.6033134460449219,
,,762,,,,,,,,,,,,1.7178486585617065,
,,763,,,,,,,,,,,,1.4158625602722168,
,,764,,,,,,,,,,,,2.0000650882720947,
,,765,,,,,,,,,,,,1.8309320211410522,
,,766,,,,,,,,,,,,1.7608877420425415,
,,767,,,,,,,,,,,,1.6679543256759644,
,,768,,,,,,,,,,,,1.7635051012039185,
,,769,,,,,,,,,,,,1.8170576095581055,
,,770,,,,,,,,,,,,1.9312970638275146,
,,771,,,,,,,,,,,,1.8434780836105347,
,,772,,,,,,,,,,,,2.016246795654297,
,,773,,,,,,,,,,,,1.9224830865859985,
,,774,,,,,,,,,,,,1.5224559307098389,
,,775,,,,,,,,,,,,1.8792606592178345,
,,776,,,,,,,,,,,,2.058842897415161,
,,777,,,,,,,,,,,,1.9531421661376953,
,,778,,,,,,,,,,,,1.823637843132019,
,,779,,,,,,,,,,,,1.7701060771942139,
,,780,,,,,,,,,,,,1.619795322418213,
,,781,,,,,,,,,,,,1.6846539974212646,
,,782,,,,,,,,,,,,1.4461052417755127,
,,783,,,,,,,,,,,,1.8998081684112549,
,,784,,,,,,,,,,,,1.773851752281189,
,,785,,,,,,,,,,,,1.8456249237060547,
,,786,,,,,,,,,,,,1.6464462280273438,
,,787,,,,,,,,,,,,2.223037004470825,
,,788,,,,,,,,,,,,1.6911181211471558,
,,789,,,,,,,,,,,,0.3470747470855713,
9,,3519,,,,,,,,,0.5852159261703491,0.8070271611213684,1.806252121925354,,5.2373552322387695
9,,3519,0.5845370888710022,,0.8323147892951965,,1.6722590923309326,,4.3462042808532715,,,,,,
,1.193189817795337e-05,3520,,,,,,,,,,,,,
